Category,Sub-category,3rd Level Category,4th Level Category,5th Level Category,Category ID
Women Clothes,Tops,Tanks & Camisoles,-,-,100350
Women Clothes,Tops,Tube Tops,-,-,100351
Women Clothes,Tops,T-shirts,-,-,100352
Women Clothes,Tops,Shirts & Blouses,-,-,100353
Women Clothes,Tops,Polo Shirts,-,-,100354
Women Clothes,Tops,Bodysuits,-,-,100355
Women Clothes,Pants & Leggings,Leggings & Treggings,-,-,100357
Women Clothes,Pants & Leggings,Pants,-,-,100358
Women Clothes,Shorts,Shorts,-,-,100360
Women Clothes,Shorts,Skorts,-,-,100361
Women Clothes,Skirts,-,-,-,100102
Women Clothes,Jeans,-,-,-,100103
Women Clothes,Dresses,-,-,-,100104
Women Clothes,Wedding Dresses,-,-,-,100105
Women Clothes,"Jumpsuits, Playsuits & Overalls",Jumpsuits,-,-,100363
Women Clothes,"Jumpsuits, Playsuits & Overalls",Playsuits,-,-,100364
Women Clothes,"Jumpsuits, Playsuits & Overalls",Overalls,-,-,100365
Women Clothes,"Jackets, Coats & Vests",Winter Jackets & Coats,-,-,100367
Women Clothes,"Jackets, Coats & Vests",Capes,-,-,100368
Women Clothes,"Jackets, Coats & Vests",Blazers,-,-,100369
Women Clothes,"Jackets, Coats & Vests",Jackets,-,-,100370
Women Clothes,"Jackets, Coats & Vests",Vests,-,-,100371
Women Clothes,Sweaters & Cardigans,-,-,-,100108
Women Clothes,Hoodies & Sweatshirts,Sweatshirts,-,-,100373
Women Clothes,Hoodies & Sweatshirts,Hoodies,-,-,100374
Women Clothes,Sets,Couple Sets,-,-,100376
Women Clothes,Sets,Family Sets,-,-,100377
Women Clothes,Sets,Individual Sets,-,-,100378
Women Clothes,Lingerie & Underwear,Sets,-,-,100380
Women Clothes,Lingerie & Underwear,Bras,-,-,100381
Women Clothes,Lingerie & Underwear,Panties,-,-,100382
Women Clothes,Lingerie & Underwear,Thermal Innerwear,-,-,100383
Women Clothes,Lingerie & Underwear,Bra Accessories,Straps,-,100523
Women Clothes,Lingerie & Underwear,Bra Accessories,Paddings,-,100524
Women Clothes,Lingerie & Underwear,Bra Accessories,Nipple Stickers,-,100525
Women Clothes,Lingerie & Underwear,Shapewear,-,-,100385
Women Clothes,Lingerie & Underwear,Safety Pants,-,-,100386
Women Clothes,Lingerie & Underwear,Sexy Lingerie,-,-,100387
Women Clothes,Sleepwear & Pajamas,Pajamas,-,-,100389
Women Clothes,Sleepwear & Pajamas,Night Dresses,-,-,100390
Women Clothes,Sleepwear & Pajamas,Kimonos & Robes,-,-,100391
Women Clothes,Maternity Wear,Nursing Bras,-,-,100393
Women Clothes,Maternity Wear,Maternity Dresses,-,-,100394
Women Clothes,Maternity Wear,Maternity Tops,-,-,100395
Women Clothes,Maternity Wear,Breastfeeding Wear,-,-,100396
Women Clothes,Maternity Wear,Maternity Sets,-,-,100397
Women Clothes,Maternity Wear,Maternity Bottoms,-,-,100398
Women Clothes,Traditional Wear,Tops,-,-,100400
Women Clothes,Traditional Wear,Bottoms,-,-,100401
Women Clothes,Traditional Wear,Sets,-,-,100402
Women Clothes,Traditional Wear,Dresses,-,-,100403
Women Clothes,Traditional Wear,Others,-,-,100404
Women Clothes,Costumes,-,-,-,100115
Women Clothes,Fabric,Cotton,-,-,100407
Women Clothes,Fabric,Wool,-,-,100408
Women Clothes,Fabric,"Velvet, Silk & Satin",-,-,100409
Women Clothes,Fabric,Leather,-,-,100410
Women Clothes,Fabric,Vinyl & Nylon,-,-,100411
Women Clothes,Fabric,Denim,-,-,100412
Women Clothes,Fabric,Canvas,-,-,100413
Women Clothes,Socks & Stockings,Socks,-,-,100417
Women Clothes,Socks & Stockings,Pantyhose,-,-,100418
Men Clothes,Jeans,-,-,-,100047
Men Clothes,Hoodies & Sweatshirts,Hoodies,-,-,100226
Men Clothes,Hoodies & Sweatshirts,Sweatshirts,-,-,100227
Men Clothes,Sweaters & Cardigans,-,-,-,100049
Men Clothes,"Jackets, Coats & Vests",Winter Jackets & Coats,-,-,100229
Men Clothes,"Jackets, Coats & Vests",Jackets,-,-,100230
Men Clothes,"Jackets, Coats & Vests",Vests,-,-,100231
Men Clothes,Suits,Suit Sets,-,-,100233
Men Clothes,Suits,Suit Jackets & Blazers,-,-,100234
Men Clothes,Suits,Suit Pants,-,-,100235
Men Clothes,Suits,Suit Vests & Waistcoats,-,-,100236
Men Clothes,Pants,Cargo,-,-,100238
Men Clothes,Pants,Joggers,-,-,100239
Men Clothes,Pants,Pants,-,-,100240
Men Clothes,Shorts,-,-,-,100053
Men Clothes,Tops,Shirts,-,-,100242
Men Clothes,Tops,Polo Shirts,-,-,100243
Men Clothes,Tops,T-Shirts,-,-,100244
Men Clothes,Tops,Tanks,-,-,100245
Men Clothes,Innerwear & Underwear,Underwear,-,-,100247
Men Clothes,Innerwear & Underwear,Undershirts,-,-,100248
Men Clothes,Innerwear & Underwear,Thermal Innerwear,-,-,100249
Men Clothes,Sleepwear,-,-,-,100056
Men Clothes,Sets,-,-,-,100057
Men Clothes,Traditional Wear,Tops,-,-,100251
Men Clothes,Traditional Wear,Bottoms,-,-,100252
Men Clothes,Traditional Wear,Sets,-,-,100253
Men Clothes,Costumes,-,-,-,100059
Men Clothes,Occupational Attire,-,-,-,100060
Men Clothes,Socks,-,-,-,100062
Beauty,"Hand, Foot & Nail Care",Hand Care,Hand Masks,-,101607
Beauty,"Hand, Foot & Nail Care",Hand Care,"Lotion, Cream & Scrubs",-,101608
Beauty,"Hand, Foot & Nail Care",Hand Care,Hand Washes,-,101609
Beauty,"Hand, Foot & Nail Care",Foot Care,Foot Deodorant,-,101611
Beauty,"Hand, Foot & Nail Care",Foot Care,Foot Masks,-,101612
Beauty,"Hand, Foot & Nail Care",Foot Care,"Lotion, Cream & Scrubs",-,101613
Beauty,"Hand, Foot & Nail Care",Foot Care,Others,-,101614
Beauty,"Hand, Foot & Nail Care",Nail Care,Base & Top Coat,-,101615
Beauty,"Hand, Foot & Nail Care",Nail Care,Nail Polish,-,102029
Beauty,"Hand, Foot & Nail Care",Nail Care,Nail Polish Remover,-,102030
Beauty,"Hand, Foot & Nail Care",Nail Care,Nail Treatment,-,102031
Beauty,"Hand, Foot & Nail Care",Nail Care,Artificial Nail,-,102032
Beauty,"Hand, Foot & Nail Care",Nail Care,Nail Art & Sticker,-,102033
Beauty,"Hand, Foot & Nail Care",Nail Care,Manicure Tools & Devices,-,102034
Beauty,Hair Care,Shampoo,-,-,100869
Beauty,Hair Care,Hair Colour,-,-,100870
Beauty,Hair Care,Hair Treatment,-,-,100871
Beauty,Hair Care,Hair and Scalp Conditioner,-,-,100872
Beauty,Hair Care,Hair Styling,-,-,100873
Beauty,Hair Care,Others,-,-,100874
Beauty,Men's Care,Bath & Body Care,-,-,100875
Beauty,Men's Care,Skincare,Facial Cleanser,-,101616
Beauty,Men's Care,Skincare,Moisturizer & Treatment,-,101617
Beauty,Men's Care,Skincare,Others,-,101618
Beauty,Men's Care,Shaving & Grooming,Aftershave,-,101619
Beauty,Men's Care,Shaving & Grooming,"Creams, Foams & Gels",-,101620
Beauty,Men's Care,Shaving & Grooming,Razors & Blades,-,101621
Beauty,Men's Care,Shaving & Grooming,Shavers,-,101622
Beauty,Men's Care,Shaving & Grooming,Shaving Brushes,-,101623
Beauty,Men's Care,Shaving & Grooming,"Trimmers, Clippers & Multi-functional Groomers",-,101624
Beauty,Men's Care,Shaving & Grooming,Shaving Accessories,-,101625
Beauty,Men's Care,Shaving & Grooming,Others,-,101626
Beauty,Men's Care,Hair Care,-,-,100878
Beauty,Perfumes & Fragrances,-,-,-,100661
Beauty,Makeup,Face,Makeup Base & Primer,-,101627
Beauty,Makeup,Face,Foundation,-,101628
Beauty,Makeup,Face,BB & CC Cream,-,101629
Beauty,Makeup,Face,Powder,-,101630
Beauty,Makeup,Face,Concealer & Corrector,-,101631
Beauty,Makeup,Face,"Bronzer,Contour & Highlighter",-,101632
Beauty,Makeup,Face,Setting & Finishing Spray,-,101633
Beauty,Makeup,Face,Blush,-,101634
Beauty,Makeup,Face,Others,-,101635
Beauty,Makeup,Eyes,Eyeshadow,-,101636
Beauty,Makeup,Eyes,Eye Primer,-,101637
Beauty,Makeup,Eyes,Eyeliner,-,101638
Beauty,Makeup,Eyes,Mascara,-,101639
Beauty,Makeup,Eyes,Eyebrows,-,101640
Beauty,Makeup,Lips,Lipstick,-,101642
Beauty,Makeup,Lips,Lip Gloss,-,101643
Beauty,Makeup,Lips,Lip Liner,-,101644
Beauty,Makeup,Lips,Lip Tint & Stain,-,101645
Beauty,Makeup,Lips,Lip Plumper,-,101646
Beauty,Makeup,Makeup Removers,-,-,100884
Beauty,Beauty Tools,Makeup Accessories,Cotton Pads and Buds,-,101649
Beauty,Beauty Tools,Makeup Accessories,Makeup Bags & Organizers,-,101650
Beauty,Beauty Tools,Makeup Accessories,Mirrors,-,101651
Beauty,Beauty Tools,Makeup Accessories,Makeup Brush Cleaners,-,101652
Beauty,Beauty Tools,Makeup Accessories,Makeup Brushes,-,101653
Beauty,Beauty Tools,Makeup Accessories,Sponges & Applicators,-,101654
Beauty,Beauty Tools,Makeup Accessories,Eyelash Curlers,-,101655
Beauty,Beauty Tools,Makeup Accessories,Eyebrow Templates,-,101656
Beauty,Beauty Tools,Makeup Accessories,False Eyelashes,-,101657
Beauty,Beauty Tools,Makeup Accessories,Eyelid Tape & Glue,-,101658
Beauty,Beauty Tools,Makeup Accessories,Pencil Sharpeners,-,101659
Beauty,Beauty Tools,Facial Care Tools,Facial Steamers,-,101660
Beauty,Beauty Tools,Facial Care Tools,Facial Slimming & Massage Tools,-,101661
Beauty,Beauty Tools,Facial Care Tools,Facial Cleansing Tools,-,101662
Beauty,Beauty Tools,Body Slimming Tools,-,-,100887
Beauty,Beauty Tools,Hair Removal Tools,-,-,100888
Beauty,Beauty Tools,Hair Tools,Brushes & Combs,-,101664
Beauty,Beauty Tools,Hair Tools,Hair Dryers,-,101665
Beauty,Beauty Tools,Hair Tools,Hair Styling Appliances,-,101666
Beauty,Beauty Tools,Hair Tools,Heatless Styling Tools,-,101667
Beauty,Beauty Tools,Hair Tools,Others,-,101668
Beauty,Beauty Tools,Others,-,-,100890
Beauty,Skincare,Facial Cleanser,-,-,100891
Beauty,Skincare,Toner,-,-,100892
Beauty,Skincare,Facial Moisturizer,-,-,100893
Beauty,Skincare,Facial Oil,-,-,100894
Beauty,Skincare,Facial Serum & Essence,-,-,100896
Beauty,Skincare,Face Scrub & Peel,-,-,100897
Beauty,Skincare,Face Mask & Packs,-,-,100898
Beauty,Skincare,Eye Treatment,Eye Cream,-,101669
Beauty,Skincare,Eye Treatment,Eye Mask & Packs,-,101670
Beauty,Skincare,Eye Treatment,Eyebrow & Eyelash Serum,-,101671
Beauty,Skincare,Lip Treatment,Lip Balm,-,101673
Beauty,Skincare,Lip Treatment,Lip Scrub & Exfoliator,-,101674
Beauty,Skincare,Lip Treatment,Lip Mask,-,101675
Beauty,Skincare,Face Sunscreen,-,-,100901
Beauty,Skincare,After Sun Face Care,-,-,100902
Beauty,Skincare,Blotting Paper,-,-,100903
Beauty,Skincare,Acne Treatment,-,-,100904
Beauty,Beauty Sets & Packages,-,-,-,100665
Beauty,Bath & Body Care,Body Wash & Soap,-,-,102003
Beauty,Bath & Body Care,Body Scrub & Peel,-,-,102004
Beauty,Bath & Body Care,Body Masks,-,-,102005
Beauty,Bath & Body Care,Body Oil,-,-,102006
Beauty,Bath & Body Care,"Body Cream, Lotion & Butter",-,-,102007
Beauty,Bath & Body Care,Body Deodorants,-,-,102008
Beauty,Bath & Body Care,Massage Oil,-,-,102009
Beauty,Bath & Body Care,Hair Removal Cream & Wax,-,-,102010
Beauty,Bath & Body Care,Sun Care,Body Sunscreen & After Sun,-,102014
Beauty,Bath & Body Care,Sun Care,Tanning Oil & Self Tanners,-,102015
Beauty,Bath & Body Care,Breast Care,-,-,102012
Beauty,Bath & Body Care,Others,-,-,102013
Health,Food Supplement,Weight Management,-,-,100003
Health,Food Supplement,Beauty Supplements,-,-,100004
Health,Food Supplement,Fitness,-,-,100005
Health,Food Supplement,Well Being,-,-,100006
Health,Medical Supplies,Over-the-counter Medicine,-,-,100119
Health,Medical Supplies,Traditional Medicine,-,-,100120
Health,Medical Supplies,Health Monitors & Tests,Blood Glucose Monitors,-,100421
Health,Medical Supplies,Health Monitors & Tests,Pulse Oximeters,-,100422
Health,Medical Supplies,Health Monitors & Tests,Thermometers,-,100423
Health,Medical Supplies,Health Monitors & Tests,Others,-,100424
Health,Medical Supplies,Scale & Body Fat Analyzers,-,-,100122
Health,Medical Supplies,Nasal Care,-,-,100123
Health,Medical Supplies,First Aid Supplies,Plasters & Bandages,-,100425
Health,Medical Supplies,First Aid Supplies,First Aid Accessories,-,100426
Health,Medical Supplies,First Aid Supplies,Ointments & Creams,-,100427
Health,Medical Supplies,First Aid Supplies,Medical Antiseptics & Disinfectants,-,100428
Health,Medical Supplies,Stethoscopes,-,-,100125
Health,Medical Supplies,Pain Relievers,-,-,100126
Health,Medical Supplies,Laboratory Tools,-,-,100127
Health,Medical Supplies,Medical Gloves & Masks,-,-,100128
Health,Medical Supplies,Injury & Disability Support,Walking Aids,-,100430
Health,Medical Supplies,Injury & Disability Support,Wheelchairs,-,100431
Health,Medical Supplies,Injury & Disability Support,Hearing Aids,-,100433
Health,Personal Care,Hand Sanitizers,-,-,100131
Health,Personal Care,Eye Care,Contact lens,-,100435
Health,Personal Care,Eye Care,Lens Solutions & Eyedrops,-,100436
Health,Personal Care,Eye Care,Others,-,100437
Health,Personal Care,Ear Care,-,-,100133
Health,Personal Care,Oral Care,Manual Toothbrushes,-,100438
Health,Personal Care,Oral Care,Toothpastes,-,100440
Health,Personal Care,Oral Care,Dental Floss,-,100441
Health,Personal Care,Oral Care,Mouth Wash,-,100442
Health,Personal Care,Oral Care,Denture Care,-,100443
Health,Personal Care,Oral Care,Orthodontic Accessories,-,100445
Health,Personal Care,Oral Care,Others,-,100446
Health,Personal Care,Adult Diapers & Incontinence,-,-,100135
Health,Personal Care,Feminine Care,Sanitary Napkins & Panty Liners,-,100447
Health,Personal Care,Feminine Care,Tampons,-,100448
Health,Personal Care,Feminine Care,Pregnancy & Fertility Tests,-,100449
Health,Personal Care,Feminine Care,Menstrual Cup,-,100450
Health,Personal Care,Feminine Care,Feminine Wash,-,100451
Health,Personal Care,Feminine Care,Vaginal Cream,-,100452
Health,Personal Care,Massage & Therapy Devices,-,-,100137
Health,Personal Care,Insect Repellents,-,-,100138
Health,Sexual Wellness,Condoms,-,-,100140
Health,Sexual Wellness,Lubricants,-,-,100141
Health,Sexual Wellness,Sex Toys,-,-,100142
Health,Sexual Wellness,Performance Enhancement,-,-,100143
Fashion Accessories,Rings,-,-,-,100021
Fashion Accessories,Earrings,-,-,-,100022
Fashion Accessories,Scarves & Shawls,-,-,-,100023
Fashion Accessories,Gloves,-,-,-,100024
Fashion Accessories,Hair Accessories,Headbands,-,-,100145
Fashion Accessories,Hair Accessories,"Hair Ties, Ribbons & Scrunchies",-,-,100146
Fashion Accessories,Hair Accessories,Hair Clips & Hair Pins,-,-,100147
Fashion Accessories,Hair Accessories,Wigs & Extensions,-,-,100148
Fashion Accessories,Hair Accessories,"Headpieces, Tiaras & Flower Crowns",-,-,100149
Fashion Accessories,Bracelets & Bangles,-,-,-,100026
Fashion Accessories,Anklets,-,-,-,100027
Fashion Accessories,Hats & Caps,-,-,-,100028
Fashion Accessories,Necklaces,-,-,-,100029
Fashion Accessories,Eyewear,Sunglasses,-,-,100151
Fashion Accessories,Eyewear,Frames & Glasses,-,-,100152
Fashion Accessories,Eyewear,Eyewear Cases & Accessories,-,-,100153
Fashion Accessories,Eyewear,Others,-,-,100154
Fashion Accessories,Investment Precious Metals,Platinum & K Gold,-,-,100155
Fashion Accessories,Investment Precious Metals,Silver,-,-,100156
Fashion Accessories,Investment Precious Metals,Diamond,-,-,100157
Fashion Accessories,Investment Precious Metals,Jade,-,-,100158
Fashion Accessories,Investment Precious Metals,Others,-,-,100159
Fashion Accessories,Belts,-,-,-,100032
Fashion Accessories,"Neckties, Bow Ties & Cravats",-,-,-,100033
Fashion Accessories,Additional Accessories,Brooches & Pins,-,-,100160
Fashion Accessories,Additional Accessories,Patches,-,-,100161
Fashion Accessories,Additional Accessories,"Charms, Pendants & Ornaments",-,-,100162
Fashion Accessories,Additional Accessories,Cufflinks,-,-,100163
Fashion Accessories,Additional Accessories,Tattoos,-,-,100164
Fashion Accessories,Additional Accessories,Masks,-,-,100165
Fashion Accessories,Additional Accessories,Handkerchiefs,-,-,100166
Fashion Accessories,Additional Accessories,Others,-,-,100167
Fashion Accessories,Accessories Sets & Packages,-,-,-,100035
Home Appliances,Projectors & Accessories,Projectors & Projector Screens,-,-,100168
Home Appliances,Projectors & Accessories,Pointers,-,-,100169
Home Appliances,Projectors & Accessories,Others,-,-,100170
Home Appliances,Small Household Appliances,Foot Baths & Spas,-,-,100171
Home Appliances,Small Household Appliances,Water Flossers,-,-,100172
Home Appliances,Small Household Appliances,Sewing Machines & Accessories,-,-,100173
Home Appliances,Small Household Appliances,Telephones,Corded Phones,-,100454
Home Appliances,Small Household Appliances,Telephones,Cordless Phones,-,100455
Home Appliances,Small Household Appliances,Telephones,Fax Machines,-,100456
Home Appliances,Small Household Appliances,Irons & Steamers,-,-,100175
Home Appliances,Small Household Appliances,Air Treatment,Purifiers,-,100458
Home Appliances,Small Household Appliances,Air Treatment,Dehumidifiers,-,100459
Home Appliances,Small Household Appliances,Vacuum Cleaners & Floor Care Appliances,-,-,100177
Home Appliances,Small Household Appliances,Others,-,-,100178
Home Appliances,Large Household Appliances,Washing Machines & Dryers,Washing Machines,-,100461
Home Appliances,Large Household Appliances,Washing Machines & Dryers,Laundry Dryers,-,100462
Home Appliances,Large Household Appliances,Water Heaters,-,-,100180
Home Appliances,Large Household Appliances,Cooling,Air-Conditioners,-,100464
Home Appliances,Large Household Appliances,Cooling,Air Coolers & Portable Aircons,-,100465
Home Appliances,Large Household Appliances,Cooling,Fans,-,100466
Home Appliances,Large Household Appliances,Futon & Shoe Dryers,-,-,100182
Home Appliances,Large Household Appliances,Heaters,-,-,100183
Home Appliances,TVs & Accessories,TVs,-,-,100185
Home Appliances,TVs & Accessories,TV Antennas,-,-,100186
Home Appliances,TVs & Accessories,TV Boxes & Receivers,-,-,100187
Home Appliances,TVs & Accessories,TV Brackets,-,-,100188
Home Appliances,TVs & Accessories,Others,-,-,100189
Home Appliances,Kitchen Appliances,"Water Filters, Coolers & Dispensers",-,-,100190
Home Appliances,Kitchen Appliances,Kettles,-,-,100191
Home Appliances,Kitchen Appliances,Wine Fridges,-,-,100192
Home Appliances,Kitchen Appliances,"Juicers, Blenders & Soya Bean Machines",-,-,100193
Home Appliances,Kitchen Appliances,Coffee Machines & Accessories,-,-,100194
Home Appliances,Kitchen Appliances,Mixers,-,-,100195
Home Appliances,Kitchen Appliances,Dishwashers,-,-,100196
Home Appliances,Kitchen Appliances,"Stoves, Hobs & Gas Regulators",-,-,100197
Home Appliances,Kitchen Appliances,Air Fryers,-,-,100198
Home Appliances,Kitchen Appliances,Deep Fryers,-,-,100199
Home Appliances,Kitchen Appliances,Microwaves,-,-,100200
Home Appliances,Kitchen Appliances,Ovens,-,-,100201
Home Appliances,Kitchen Appliances,Toasters,-,-,100202
Home Appliances,Kitchen Appliances,Food Processors & Meat Grinders,-,-,100203
Home Appliances,Kitchen Appliances,Multi-function Cookers,-,-,100204
Home Appliances,Kitchen Appliances,Pressure Cookers,-,-,100205
Home Appliances,Kitchen Appliances,Slow Cookers & Sous Vide Machines,-,-,100206
Home Appliances,Kitchen Appliances,Rice Cookers,-,-,100207
Home Appliances,Kitchen Appliances,Specialty Cookware,Waffle & Crepe Makers,-,100468
Home Appliances,Kitchen Appliances,Specialty Cookware,Egg Boilers,-,100469
Home Appliances,Kitchen Appliances,Specialty Cookware,Bread Makers,-,100470
Home Appliances,Kitchen Appliances,Specialty Cookware,Takoyaki Makers,-,100471
Home Appliances,Kitchen Appliances,Specialty Cookware,Dessert Machine,-,100472
Home Appliances,Kitchen Appliances,Specialty Cookware,Soda Makers,-,100473
Home Appliances,Kitchen Appliances,Specialty Cookware,Others,-,100474
Home Appliances,Kitchen Appliances,Refrigerators,-,-,100209
Home Appliances,Kitchen Appliances,Freezers,-,-,100210
Home Appliances,Kitchen Appliances,Hoods,-,-,100211
Home Appliances,Electrical Circuitry & Parts,Electric Sockets & Extension Cords,-,-,100213
Home Appliances,Electrical Circuitry & Parts,Electrical Safety,-,-,100214
Home Appliances,Electrical Circuitry & Parts,Electricity Savers,-,-,100215
Home Appliances,Electrical Circuitry & Parts,Doorbells,-,-,100216
Home Appliances,Electrical Circuitry & Parts,Switches,-,-,100217
Home Appliances,Electrical Circuitry & Parts,House Alarms,-,-,100218
Home Appliances,Electrical Circuitry & Parts,Lightning Protection,-,-,100219
Home Appliances,Batteries,-,-,-,100043
Home Appliances,Remote Controls,-,-,-,100045
Men Shoes,Boots,Fashion Boots,-,-,100255
Men Shoes,Boots,Rain Boots,-,-,100256
Men Shoes,Boots,Safety Boots,-,-,100257
Men Shoes,Sneakers,-,-,-,100064
Men Shoes,Slip Ons & Mules,-,-,-,100065
Men Shoes,Loafers & Boat Shoes,-,-,-,100066
Men Shoes,Oxfords & Lace-Ups,-,-,-,100067
Men Shoes,Sandals & Flip Flops,Flip Flops,-,-,100259
Men Shoes,Sandals & Flip Flops,Sandals,-,-,100260
Men Shoes,Sandals & Flip Flops,Indoor Slippers,-,-,100261
Men Shoes,Sandals & Flip Flops,Health Slippers,-,-,100262
Men Shoes,Shoe Care & Accessories,Shoe Care & Cleaning Tools,-,-,100264
Men Shoes,Shoe Care & Accessories,Shoe Deodorizers,-,-,100265
Men Shoes,Shoe Care & Accessories,Shoe Laces,-,-,100266
Men Shoes,Shoe Care & Accessories,Shoe Horns & Trees,-,-,100267
Men Shoes,Shoe Care & Accessories,Shoe Insoles,-,-,100268
Mobile & Gadgets,Tablets,-,-,-,100072
Mobile & Gadgets,Wearable Devices,Smartwatches & Fitness Trackers,-,-,100270
Mobile & Gadgets,Wearable Devices,VR Devices,-,-,100271
Mobile & Gadgets,Wearable Devices,GPS Trackers,-,-,100272
Mobile & Gadgets,Wearable Devices,Others,-,-,100273
Mobile & Gadgets,Accessories,Selfie Accessories,Selfie Sticks,-,100475
Mobile & Gadgets,Accessories,Selfie Accessories,Lazypods,-,100476
Mobile & Gadgets,Accessories,Selfie Accessories,Remote Shutters,-,100477
Mobile & Gadgets,Accessories,Mobile Lens,-,-,100275
Mobile & Gadgets,Accessories,Mobile Flashes & Selfie Lights,-,-,100276
Mobile & Gadgets,Accessories,USB & Mobile Fans,-,-,100277
Mobile & Gadgets,Accessories,Stylus,-,-,100278
Mobile & Gadgets,Accessories,Phone Grips,-,-,100279
Mobile & Gadgets,Accessories,Phone Straps & Keychains,-,-,100280
Mobile & Gadgets,Accessories,Memory Cards,-,-,100281
Mobile & Gadgets,Accessories,Casting Devices,-,-,100282
Mobile & Gadgets,Accessories,Mobile Pouches,-,-,100283
Mobile & Gadgets,Accessories,"Cables, Chargers & Converters","Cable Cases, Protectors, & Winders",-,100479
Mobile & Gadgets,Accessories,"Cables, Chargers & Converters",Travel Adaptors,-,100480
Mobile & Gadgets,Accessories,"Cables, Chargers & Converters",Mobile Cables & Converters,-,100481
Mobile & Gadgets,Accessories,"Cables, Chargers & Converters",Chargers,-,100482
Mobile & Gadgets,Accessories,"Cables, Chargers & Converters",Docks & Stands,-,100483
Mobile & Gadgets,Accessories,"Cables, Chargers & Converters",Others,-,100484
Mobile & Gadgets,Accessories,USB & Mobile Lights,-,-,100285
Mobile & Gadgets,Accessories,Pocket Wifi,-,-,100286
Mobile & Gadgets,Accessories,Powerbanks & Batteries,Batteries,-,100485
Mobile & Gadgets,Accessories,Powerbanks & Batteries,Powerbanks,-,100486
Mobile & Gadgets,Accessories,Powerbanks & Batteries,Powercases,-,100487
Mobile & Gadgets,Accessories,Powerbanks & Batteries,Others,-,100488
Mobile & Gadgets,Accessories,Wearable Accessories,-,-,100288
Mobile & Gadgets,Accessories,Screen Protectors,-,-,100289
Mobile & Gadgets,Accessories,"Cases, Covers, & Skins","Tablet Cases, Covers, & Skins",-,100489
Mobile & Gadgets,Accessories,"Cases, Covers, & Skins","Phone Cases, Covers, & Skins",-,100490
Mobile & Gadgets,Accessories,"Cases, Covers, & Skins",Others,-,100491
Mobile & Gadgets,Walkie Talkies,-,-,-,100076
Mobile & Gadgets,Others,-,-,-,100077
Travel & Luggage,Luggage,-,-,-,100085
Travel & Luggage,Travel Bags,Duffel & Weekender Bags,-,-,100320
Travel & Luggage,Travel Bags,Foldable Bags,-,-,100321
Travel & Luggage,Travel Bags,Drawstring Bags,-,-,100322
Travel & Luggage,Travel Accessories,Passport Holders & Covers,-,-,100324
Travel & Luggage,Travel Accessories,Travel Organizers,-,-,100325
Travel & Luggage,Travel Accessories,Luggage Protectors & Covers,-,-,100326
Travel & Luggage,Travel Accessories,Luggage Tags,-,-,100327
Travel & Luggage,Travel Accessories,Luggage Straps,-,-,100328
Travel & Luggage,Travel Accessories,Luggage Locks,-,-,100329
Travel & Luggage,Travel Accessories,Luggage Scales,-,-,100330
Travel & Luggage,Travel Accessories,Travel Pillows & Eye Covers,-,-,100331
Travel & Luggage,Travel Accessories,Travel Size Bottles & Containers,-,-,100332
Women Bags,Backpacks,-,-,-,100089
Women Bags,Laptop Bags,Laptop Bags & Cases,-,-,100334
Women Bags,Laptop Bags,Laptop Sleeves,-,-,100335
Women Bags,Laptop Bags,Laptop Backpacks,-,-,100336
Women Bags,Laptop Bags,Others,-,-,100337
Women Bags,Clutches & Wristlets,-,-,-,100091
Women Bags,Waist Bags & Chest Bags,-,-,-,100092
Women Bags,Tote Bags,-,-,-,100093
Women Bags,Top-handle Bags,-,-,-,100094
Women Bags,Crossbody & Shoulder Bags,-,-,-,100095
Women Bags,Wallets,Card Holders,-,-,100338
Women Bags,Wallets,Coin Holders & Purses,-,-,100339
Women Bags,Wallets,Phone & Key Wallets,-,-,100340
Women Bags,Wallets,Bifold & Trifold Wallets,-,-,100341
Women Bags,Wallets,Long Wallets,-,-,100342
Women Bags,Wallets,Others,-,-,100343
Women Bags,Bag Accessories,Bag Straps,-,-,100344
Women Bags,Bag Accessories,Bag Holders,-,-,100345
Women Bags,Bag Accessories,Charms & Twillies,-,-,100346
Women Bags,Bag Accessories,Bag Organizers,-,-,100347
Women Bags,Bag Accessories,Cleaning & Care Equipment,-,-,100348
Women Shoes,Boots,Rain Boots,-,-,100585
Women Shoes,Boots,Fashion Boots,-,-,100586
Women Shoes,Sneakers,-,-,-,100557
Women Shoes,Flats,Ballet Flats,-,-,100588
Women Shoes,Flats,Loafers & Boat Shoes,-,-,100589
Women Shoes,Flats,Oxfords & Lace-Ups,-,-,100590
Women Shoes,Flats,"Slip Ons, Mary Janes & Mules",-,-,100591
Women Shoes,Heels,-,-,-,100559
Women Shoes,Wedges,-,-,-,100560
Women Shoes,Flat Sandals & Flip Flops,Flat Sandals,-,-,100593
Women Shoes,Flat Sandals & Flip Flops,Flip Flops,-,-,100594
Women Shoes,Flat Sandals & Flip Flops,Health Slippers,-,-,100595
Women Shoes,Flat Sandals & Flip Flops,Indoor Slippers,-,-,100596
Women Shoes,Shoe Care & Accessories,Insoles & Heel Liners,-,-,100599
Women Shoes,Shoe Care & Accessories,Shoe Horns & Trees,-,-,100600
Women Shoes,Shoe Care & Accessories,Shoe Care & Cleaning Tools,-,-,100601
Women Shoes,Shoe Care & Accessories,Shoe Laces,-,-,100602
Men Bags,Backpacks,-,-,-,100564
Men Bags,Laptop Bags,Laptop Bags & Cases,-,-,100604
Men Bags,Laptop Bags,Laptop Sleeves,-,-,100605
Men Bags,Laptop Bags,Laptop Backpacks,-,-,100606
Men Bags,Tote Bags,-,-,-,100566
Men Bags,Briefcases,-,-,-,100567
Men Bags,Clutches,-,-,-,100568
Men Bags,Waist Bags & Chest Bags,-,-,-,100569
Men Bags,Crossbody & Shoulder Bags,-,-,-,100570
Men Bags,Wallets,Card Holders,-,-,100608
Men Bags,Wallets,Coin Holders & Purses,-,-,100609
Men Bags,Wallets,Phone & Key Wallets,-,-,100610
Men Bags,Wallets,Bifold & Trifold Wallets,-,-,100611
Men Bags,Wallets,Long Wallets,-,-,100612
Watches,Women Watches,-,-,-,100573
Watches,Men Watches,-,-,-,100574
Watches,Set & Couple Watches,-,-,-,100575
Watches,Watches Accessories,Straps,-,-,100614
Watches,Watches Accessories,Service Tools,-,-,100615
Watches,Watches Accessories,Buckles,-,-,100616
Watches,Watches Accessories,Batteries,-,-,100617
Watches,Watches Accessories,Boxes,-,-,100618
Watches,Watches Accessories,Others,-,-,100619
Audio,"Earphones, Headphones & Headsets",-,-,-,100578
Audio,Media Players,MP3 & MP4 Players,-,-,100620
Audio,Media Players,"CD, DVD, & Blu-ray Players",-,-,100621
Audio,Media Players,Voice Recorders,-,-,100622
Audio,Media Players,Radio & Cassette Players,-,-,100623
Audio,Microphones,-,-,-,100580
Audio,Amplifiers & Mixers,-,-,-,100581
Audio,Home Audio & Speakers,Speakers,-,-,100625
Audio,Home Audio & Speakers,Home Theater Systems,-,-,100626
Audio,Home Audio & Speakers,AV Receivers,-,-,100627
Audio,Home Audio & Speakers,Others,-,-,100628
Audio,Audio & Video Cables & Converters,-,-,-,100583
Audio,Others,-,-,-,100584
Food & Beverage,Convenience / Ready-to-eat,Cooked Food,-,-,100780
Food & Beverage,Convenience / Ready-to-eat,Others,-,-,100781
Food & Beverage,Convenience / Ready-to-eat,Instant Rice & Porridge,-,-,100782
Food & Beverage,Convenience / Ready-to-eat,Instant Hotpot,-,-,100783
Food & Beverage,Convenience / Ready-to-eat,Instant Noodles,-,-,100784
Food & Beverage,Snacks,Sweets & Candies,-,-,100785
Food & Beverage,Snacks,Chocolate,-,-,100786
Food & Beverage,Snacks,"Biscuits, Cookies & Wafers",-,-,100787
Food & Beverage,Snacks,Chips & Crisps,-,-,100788
Food & Beverage,Snacks,Seeds,-,-,100789
Food & Beverage,Snacks,Popcorn,-,-,100790
Food & Beverage,Snacks,Seaweed,-,-,100791
Food & Beverage,Snacks,Nuts,-,-,100792
Food & Beverage,Snacks,"Pudding, Jellies & Marshmallow",-,-,100794
Food & Beverage,Snacks,Dried Snacks,Meat Jerky and Bakkwa,-,101574
Food & Beverage,Snacks,Dried Snacks,Dried Fruits,-,101575
Food & Beverage,Snacks,Dried Snacks,Meat Floss,-,101576
Food & Beverage,Snacks,Dried Snacks,Seafood Snacks,-,101577
Food & Beverage,Snacks,Dried Snacks,Others,-,101578
Food & Beverage,Food Staples,Dried Goods,Beans & Grains,-,101579
Food & Beverage,Food Staples,Dried Goods,Dried Seafood,-,101580
Food & Beverage,Food Staples,Dried Goods,Traditional Herbs,-,101581
Food & Beverage,Food Staples,Dried Goods,Others,-,101582
Food & Beverage,Food Staples,Noodles,-,-,100797
Food & Beverage,Food Staples,Pasta,-,-,100799
Food & Beverage,Food Staples,Canned Food,Canned Fruits,-,101583
Food & Beverage,Food Staples,Canned Food,Canned Meat,-,102024
Food & Beverage,Food Staples,Canned Food,Canned Seafood,-,102025
Food & Beverage,Food Staples,Canned Food,Canned Vegetables,-,102026
Food & Beverage,Food Staples,Canned Food,Canned Soup,-,102027
Food & Beverage,Food Staples,Canned Food,Others,-,102028
Food & Beverage,Food Staples,Preserved Vegetables,-,-,100802
Food & Beverage,Cooking Essentials,Oil,-,-,100803
Food & Beverage,Cooking Essentials,Seasonings & Condiments,Pepper,-,101584
Food & Beverage,Cooking Essentials,Seasonings & Condiments,Salt,-,101585
Food & Beverage,Cooking Essentials,Seasonings & Condiments,Herbs & Spices,-,101586
Food & Beverage,Cooking Essentials,Seasonings & Condiments,Sauce,-,101587
Food & Beverage,Cooking Essentials,Seasonings & Condiments,Chilli & Sambal,-,101588
Food & Beverage,Cooking Essentials,Seasonings & Condiments,Vinegar,-,101589
Food & Beverage,Cooking Essentials,Seasonings & Condiments,Cooking Wine,-,101590
Food & Beverage,Cooking Essentials,Seasonings & Condiments,Dressing,-,101591
Food & Beverage,Cooking Essentials,Seasonings & Condiments,Others,-,101592
Food & Beverage,Cooking Essentials,Sugar,-,-,100805
Food & Beverage,Cooking Essentials,Sweetener,-,-,100806
Food & Beverage,Cooking Essentials,"Stock, Gravy & Instant Soup",-,-,100807
Food & Beverage,Cooking Essentials,Cooking Paste & Kit,-,-,100808
Food & Beverage,Cooking Essentials,Flavour Enhancers,-,-,100809
Food & Beverage,Cooking Essentials,Flour Coating,-,-,100810
Food & Beverage,Cooking Essentials,Others,-,-,100811
Food & Beverage,Baking Needs,Baking Flavoring,-,-,100812
Food & Beverage,Baking Needs,Baking Powder & Soda,-,-,100813
Food & Beverage,Baking Needs,Baking Premix Flour,-,-,100814
Food & Beverage,Baking Needs,Flour,-,-,100815
Food & Beverage,Baking Needs,Food Coloring,-,-,100816
Food & Beverage,Baking Needs,Baking decoration,-,-,100817
Food & Beverage,Baking Needs,Others,-,-,100818
Food & Beverage,Breakfast Cereals & Spread,Honey & Maple Syrups,-,-,100819
Food & Beverage,Breakfast Cereals & Spread,Jam & Spread,-,-,100820
Food & Beverage,Breakfast Cereals & Spread,"Cereal, Granola & Oats",-,-,100821
Food & Beverage,Breakfast Cereals & Spread,Breakfast Bar,-,-,100822
Food & Beverage,Beverages,Tea & Tea Bags,-,-,100825
Food & Beverage,Beverages,Chocolate Drinks,-,-,100826
Food & Beverage,Beverages,Energy & Isotonic Drinks,-,-,100827
Food & Beverage,Beverages,Water,-,-,100828
Food & Beverage,Beverages,Juice & Juice Vinegar,-,-,100829
Food & Beverage,Beverages,Cordial & Syrups,-,-,100830
Food & Beverage,Beverages,Carbonated Drinks & Tonics,-,-,100831
Food & Beverage,Beverages,Powdered Drink Mixes,-,-,100832
Food & Beverage,Beverages,Dessert Drink,-,-,100833
Food & Beverage,Beverages,Traditional & Herbal Drinks,-,-,100834
Food & Beverage,Beverages,Drink Toppings,-,-,100835
Food & Beverage,Beverages,Non-dairy Milk,-,-,100836
Food & Beverage,Dairy & Eggs,Milk,Fresh Milk,-,101593
Food & Beverage,Dairy & Eggs,Milk,UHT Milk,-,101594
Food & Beverage,Dairy & Eggs,Milk,Condensed & Evaporated Milk,-,101595
Food & Beverage,Dairy & Eggs,Milk,Powdered Milk,-,101596
Food & Beverage,Dairy & Eggs,Yogurt & Cultured Milk,-,-,100839
Food & Beverage,Dairy & Eggs,Creamers,-,-,100840
Food & Beverage,Dairy & Eggs,Butter & Margarine,-,-,100841
Food & Beverage,Dairy & Eggs,Cheese & Cheese Powder,-,-,100842
Food & Beverage,Dairy & Eggs,Ice cream,-,-,100843
Food & Beverage,Dairy & Eggs,Eggs,-,-,100844
Food & Beverage,Dairy & Eggs,Beancurd,-,-,100845
Food & Beverage,Fresh & Frozen Food,Meat,Beef,-,101598
Food & Beverage,Fresh & Frozen Food,Meat,Poultry,-,101599
Food & Beverage,Fresh & Frozen Food,Meat,Pork,-,101600
Food & Beverage,Fresh & Frozen Food,Meat,Lamb,-,101601
Food & Beverage,Fresh & Frozen Food,Seafood,Fish,-,101603
Food & Beverage,Fresh & Frozen Food,Seafood,Prawn,-,101604
Food & Beverage,Fresh & Frozen Food,Seafood,Crab,-,101605
Food & Beverage,Fresh & Frozen Food,Vegetarian Meat,-,-,100849
Food & Beverage,Fresh & Frozen Food,Mushroom,-,-,100853
Food & Beverage,Fresh & Frozen Food,Frozen Processed Food,-,-,100854
Food & Beverage,Fresh & Frozen Food,Processed Meat & Seafood,-,-,100855
Pets,Pet Food,Dog Food,-,-,100906
Pets,Pet Food,Dog Treats,-,-,100907
Pets,Pet Food,Cat Food,-,-,100908
Pets,Pet Food,Cat Treats,-,-,100909
Pets,Pet Food,Small Pet Food,-,-,100910
Pets,Pet Food,Small Pet Treats,-,-,100911
Pets,Pet Food,Aquarium Pet Food,-,-,100912
Pets,Pet Food,Bird Feed,-,-,100913
Pets,Pet Food,Reptile Food,-,-,100914
Pets,Pet Accessories,Bowls & Feeders,-,-,100916
Pets,Pet Accessories,Travel Essentials,-,-,100917
Pets,Pet Accessories,"Leashes, Collars, Harnesses & Muzzles",-,-,100918
Pets,Pet Accessories,Toys,Dog & Cat Toys,Sticks & Chasers,101925
Pets,Pet Accessories,Toys,Dog & Cat Toys,Frisbees,101927
Pets,Pet Accessories,Toys,Small Pet Toys,-,101678
Pets,Pet Accessories,Toys,Bird Toys,-,101679
Pets,Pet Accessories,Pet Furniture,Beds & Mats,-,101681
Pets,Pet Accessories,Pet Furniture,Houses,-,101682
Pets,Pet Accessories,Pet Furniture,Habitats & Accessories,-,101683
Pets,Pet Accessories,Pet Furniture,Cages & Crates,-,101684
Pets,Pet Accessories,Pet Furniture,Scratching Pads & Posts,-,101685
Pets,Pet Accessories,Aquarium Needs,-,-,100921
Pets,Litter & Toilet,Cat Litter & Boxes,-,-,100923
Pets,Litter & Toilet,Small Pet Bedding & Litter,-,-,100924
Pets,Litter & Toilet,Diapers,-,-,100925
Pets,Litter & Toilet,Dog Training Pads & Trays,-,-,100926
Pets,Litter & Toilet,Poop Bags & Scoopers,-,-,100927
Pets,Litter & Toilet,Others,-,-,100928
Pets,Pet Grooming,Hair Care,-,-,100929
Pets,Pet Grooming,Oral Care,-,-,100930
Pets,Pet Grooming,Claw Care,-,-,100931
Pets,Pet Grooming,Others,-,-,100932
Pets,Pet Clothing & Accessories,Pet Clothing,-,-,100933
Pets,Pet Clothing & Accessories,Wet Weather Gear,-,-,100934
Pets,Pet Clothing & Accessories,"Boots, Socks & Paw Protectors",-,-,100935
Pets,Pet Clothing & Accessories,Neck Accessories,-,-,100936
Pets,Pet Clothing & Accessories,Eyewear,-,-,100937
Pets,Pet Clothing & Accessories,Hair Accessories,-,-,100938
Pets,Pet Clothing & Accessories,Hats,-,-,100939
Mom & Baby,Baby Travel Essentials,Baby Carrier,-,-,100945
Mom & Baby,Baby Travel Essentials,Strollers & Travel Systems,-,-,100946
Mom & Baby,Baby Travel Essentials,Stroller Accessories,-,-,100947
Mom & Baby,Baby Travel Essentials,Car & Motorbike Seats,-,-,100948
Mom & Baby,Baby Travel Essentials,Car & Motorbike Seats Accessories,-,-,100949
Mom & Baby,Baby Travel Essentials,Diaper Bags,-,-,100950
Mom & Baby,Baby Travel Essentials,Child Harnesses & Leashes,-,-,100951
Mom & Baby,Feeding Essentials,Bottle-feeding,Bottle Cooler Bag,-,101691
Mom & Baby,Feeding Essentials,Bottle-feeding,Bottles & Bottle accessories,-,101692
Mom & Baby,Feeding Essentials,Bottle-feeding,Bottle Cleansing,-,101693
Mom & Baby,Feeding Essentials,Bottle-feeding,Warmers,-,101694
Mom & Baby,Feeding Essentials,Bottle-feeding,Sterilizers,-,101695
Mom & Baby,Feeding Essentials,Breastfeeding,Breast Pump & Accessories,-,101697
Mom & Baby,Feeding Essentials,Breastfeeding,"Breast Pads, Shells & Shields",-,101698
Mom & Baby,Feeding Essentials,Breastfeeding,Nursing Covers,-,101699
Mom & Baby,Feeding Essentials,Breastfeeding,Breastmilk Storage Bags,-,101700
Mom & Baby,Feeding Essentials,Highchairs & Booster Seats,-,-,100955
Mom & Baby,Feeding Essentials,Utensils,Baby Cups,-,101702
Mom & Baby,Feeding Essentials,Utensils,Baby Tableware,-,101703
Mom & Baby,Feeding Essentials,Utensils,Baby Food Containers,-,101704
Mom & Baby,Feeding Essentials,Bibs,-,-,100957
Mom & Baby,Feeding Essentials,Pacifiers,-,-,100958
Mom & Baby,Feeding Essentials,Food Processors,-,-,100959
Mom & Baby,Maternity Accessories,Supporting Belts,-,-,100961
Mom & Baby,Maternity Accessories,Maternity Pillows,-,-,100962
Mom & Baby,Bath & Body Care,Bathing Tubs & Seats,-,-,100968
Mom & Baby,Bath & Body Care,"Bath Robes, Towels & Wash Cloths",-,-,100969
Mom & Baby,Bath & Body Care,Shower Caps,-,-,100970
Mom & Baby,Bath & Body Care,Bathing Tools & Accessories,-,-,100971
Mom & Baby,Bath & Body Care,Baby Grooming Tools,-,-,100974
Mom & Baby,Bath & Body Care,Wipes,-,-,100975
Mom & Baby,Nursery,Cribs & Cradles & Beds,-,-,100978
Mom & Baby,Nursery,"Bouncers, Rockers & Jumpers",-,-,100979
Mom & Baby,Nursery,Walkers,-,-,100980
Mom & Baby,Nursery,Mattresses & Bedding,Blankets & Wrappers,-,101706
Mom & Baby,Nursery,Mattresses & Bedding,Pillows & Bolsters,-,101707
Mom & Baby,Nursery,Mattresses & Bedding,Bedsheets,-,101708
Mom & Baby,Nursery,Storage & Organization,-,-,100982
Mom & Baby,Baby Safety,Monitors,-,-,100984
Mom & Baby,Baby Safety,Mosquito Netting,-,-,100985
Mom & Baby,Baby Safety,"Bumpers, Rails & Guards",-,-,100986
Mom & Baby,Baby Safety,Edge & Corner Guards,-,-,100987
Mom & Baby,Baby Safety,Baby Gates & Doorways,-,-,100988
Mom & Baby,Baby Safety,Safety Locks & Straps,-,-,100989
Mom & Baby,Baby Healthcare,Nasal Care,-,-,100996
Mom & Baby,Baby Healthcare,Baby Skincare,Lotion & Creams,-,101710
Mom & Baby,Baby Healthcare,Baby Skincare,Powders,-,101712
Mom & Baby,Baby Healthcare,Baby Oral Care,-,-,100998
Mom & Baby,Baby Healthcare,Sun Care,-,-,100999
Mom & Baby,Diapering & Potty,Changing Pads & Kits,-,-,101001
Mom & Baby,Diapering & Potty,Potty Training & Commode Chairs,-,-,101002
Mom & Baby,Diapering & Potty,Disposable Diapers,-,-,101003
Mom & Baby,Diapering & Potty,Cloth Diapers & Accessories,-,-,101004
Mom & Baby,Toys,Baby & Toddler Toys,Playgym & Playmats,-,101714
Mom & Baby,Toys,Baby & Toddler Toys,Playards & Playpens,-,101715
Mom & Baby,Toys,Baby & Toddler Toys,Bath Toys,-,101716
Mom & Baby,Toys,Baby & Toddler Toys,Crib Mobiles & Rattles,-,101717
Mom & Baby,Toys,Baby & Toddler Toys,Teethers,-,101718
Mom & Baby,Toys,Block Toys,-,-,101007
Mom & Baby,Toys,Dolls & Stuffed Toys,Dolls & Accessories,-,101720
Mom & Baby,Toys,Dolls & Stuffed Toys,Doll Houses & Accessories,-,101721
Mom & Baby,Toys,Dolls & Stuffed Toys,Stuffed Toys,-,101722
Mom & Baby,Toys,Pretend Play,-,-,101009
Mom & Baby,Toys,Toy Vehicles,-,-,101010
Mom & Baby,Toys,Sports & Outdoor Play,"Bicycles, Scooters & Ride-ons",-,101724
Mom & Baby,Toys,Sports & Outdoor Play,Inflatables & Slides,-,101725
Mom & Baby,Toys,Sports & Outdoor Play,"Play Tents, Tunnels & Ball Pits",-,101726
Mom & Baby,Toys,Sports & Outdoor Play,"Pool, Water & Sand Toys",-,101727
Mom & Baby,Toys,Sports & Outdoor Play,Sports Toys,-,101729
Mom & Baby,Toys,Sports & Outdoor Play,"Flying Toys, Kites & Wind Spinners",-,101730
Mom & Baby,Toys,Educational Toys,Arts & Crafts,-,101732
Mom & Baby,Toys,Educational Toys,Math Toys,-,101733
Mom & Baby,Toys,Educational Toys,Science & Tech Toys,-,101734
Mom & Baby,Toys,Educational Toys,Shape Sorters,-,101735
Mom & Baby,Toys,Educational Toys,Puzzles,-,101736
Mom & Baby,Toys,Educational Toys,Musical Toys,-,101737
Mom & Baby,Toys,Educational Toys,Toy Tablets & Computers,-,101738
Mom & Baby,Toys,Robot Toys,-,-,101013
Mom & Baby,Toys,Slime & Squishy Toys,-,-,101014
Mom & Baby,Gift Sets & Packages,-,-,-,100685
Baby & Kids Fashion,Baby Clothes,Regular Outerwear,-,-,101016
Baby & Kids Fashion,Baby Clothes,Winter Outerwear,-,-,101017
Baby & Kids Fashion,Baby Clothes,Dresses,-,-,101018
Baby & Kids Fashion,Baby Clothes,Bottoms,Pants & Leggings,-,101740
Baby & Kids Fashion,Baby Clothes,Bottoms,Shorts,-,101741
Baby & Kids Fashion,Baby Clothes,Bottoms,Skirts,-,101742
Baby & Kids Fashion,Baby Clothes,Sleepwear,-,-,101020
Baby & Kids Fashion,Baby Clothes,Tops,-,-,101021
Baby & Kids Fashion,Baby Clothes,Bodysuits & Jumpsuits,-,-,101022
Baby & Kids Fashion,Baby Clothes,Sets,-,-,101023
Baby & Kids Fashion,Baby Clothes,Swimwear,-,-,101024
Baby & Kids Fashion,Baby Mittens & Footwear,-,-,-,100688
Baby & Kids Fashion,Baby & Kids Accessories,Bags & Luggage,Backpacks,-,101744
Baby & Kids Fashion,Baby & Kids Accessories,Bags & Luggage,Crossbody & Shoulder Bags,-,101745
Baby & Kids Fashion,Baby & Kids Accessories,Bags & Luggage,Trolley Bags,-,101746
Baby & Kids Fashion,Baby & Kids Accessories,Bags & Luggage,Wallets,-,101747
Baby & Kids Fashion,Baby & Kids Accessories,Hats & Caps,-,-,101027
Baby & Kids Fashion,Baby & Kids Accessories,Eyewear,-,-,101028
Baby & Kids Fashion,Baby & Kids Accessories,Hair Accessories,-,-,101029
Baby & Kids Fashion,Baby & Kids Accessories,Gloves,-,-,101030
Baby & Kids Fashion,Baby & Kids Accessories,Belts,-,-,101031
Baby & Kids Fashion,Baby & Kids Accessories,Socks,-,-,101032
Baby & Kids Fashion,Baby & Kids Accessories,Scarves,-,-,101033
Baby & Kids Fashion,Baby & Kids Accessories,Watches,-,-,101034
Baby & Kids Fashion,Baby & Kids Accessories,Jewelry,Bracelets,-,101749
Baby & Kids Fashion,Baby & Kids Accessories,Jewelry,Earrings,-,101750
Baby & Kids Fashion,Baby & Kids Accessories,Jewelry,Necklaces,-,101751
Baby & Kids Fashion,Baby & Kids Accessories,Jewelry,Rings,-,101752
Baby & Kids Fashion,Baby & Kids Accessories,Rain Gear,Raincoats,-,101754
Baby & Kids Fashion,Baby & Kids Accessories,Rain Gear,Rain Boots,-,101755
Baby & Kids Fashion,Baby & Kids Accessories,Earmuffs,-,-,101037
Baby & Kids Fashion,Boy Clothes,Costumes,-,-,101039
Baby & Kids Fashion,Boy Clothes,Underwear & Innerwear,-,-,101040
Baby & Kids Fashion,Boy Clothes,Sleepwear,-,-,101041
Baby & Kids Fashion,Boy Clothes,Swimwear,-,-,101042
Baby & Kids Fashion,Boy Clothes,Tops,T-shirts,-,101757
Baby & Kids Fashion,Boy Clothes,Tops,Polo Shirts,-,101758
Baby & Kids Fashion,Boy Clothes,Tops,Shirts,-,101759
Baby & Kids Fashion,Boy Clothes,Outerwear,Regular Jackets & Coats,-,101761
Baby & Kids Fashion,Boy Clothes,Outerwear,Winter Outerwear,-,101762
Baby & Kids Fashion,Boy Clothes,Outerwear,Vests,-,101763
Baby & Kids Fashion,Boy Clothes,Outerwear,Sweaters & Cardigans,-,101764
Baby & Kids Fashion,Boy Clothes,Outerwear,Blazers,-,101765
Baby & Kids Fashion,Boy Clothes,Outerwear,Hoodies,-,101766
Baby & Kids Fashion,Boy Clothes,Bottoms,Jeans,-,101768
Baby & Kids Fashion,Boy Clothes,Bottoms,Pants,-,101769
Baby & Kids Fashion,Boy Clothes,Bottoms,Shorts,-,101770
Baby & Kids Fashion,Boy Clothes,Bottoms,Overalls,-,101771
Baby & Kids Fashion,Boy Clothes,Suits & Sets,-,-,101046
Baby & Kids Fashion,Girl Clothes,Costumes,-,-,101048
Baby & Kids Fashion,Girl Clothes,Underwear & Innerwear,-,-,101049
Baby & Kids Fashion,Girl Clothes,Sleepwear,-,-,101050
Baby & Kids Fashion,Girl Clothes,Swimwear,-,-,101051
Baby & Kids Fashion,Girl Clothes,Tops,T-shirts,-,101773
Baby & Kids Fashion,Girl Clothes,Tops,Polo Shirts,-,101774
Baby & Kids Fashion,Girl Clothes,Tops,Shirts & Blouses,-,101775
Baby & Kids Fashion,Girl Clothes,Outerwear,Regular Jackets & Coats,-,101777
Baby & Kids Fashion,Girl Clothes,Outerwear,Winter Outerwear,-,101778
Baby & Kids Fashion,Girl Clothes,Outerwear,Vests,-,101779
Baby & Kids Fashion,Girl Clothes,Outerwear,Sweaters & Cardigans,-,101780
Baby & Kids Fashion,Girl Clothes,Outerwear,Blazers,-,101781
Baby & Kids Fashion,Girl Clothes,Outerwear,Hoodies,-,101782
Baby & Kids Fashion,Girl Clothes,Bottoms,Jeans,-,101784
Baby & Kids Fashion,Girl Clothes,Bottoms,Pants,-,101785
Baby & Kids Fashion,Girl Clothes,Bottoms,Shorts,-,101786
Baby & Kids Fashion,Girl Clothes,Bottoms,Skirts,-,101787
Baby & Kids Fashion,Girl Clothes,Bottoms,Leggings,-,101788
Baby & Kids Fashion,Girl Clothes,Rompers & Jumpsuits,-,-,101055
Baby & Kids Fashion,Girl Clothes,Dresses,-,-,101056
Baby & Kids Fashion,Girl Clothes,Suits & Sets,-,-,101057
Baby & Kids Fashion,Boy Shoes,Boots,-,-,101059
Baby & Kids Fashion,Boy Shoes,Sandals,-,-,101060
Baby & Kids Fashion,Boy Shoes,Sneakers,-,-,101061
Baby & Kids Fashion,Boy Shoes,Flip Flops,-,-,101062
Baby & Kids Fashion,Boy Shoes,Formal Shoes,-,-,101063
Baby & Kids Fashion,Boy Shoes,Loafers,-,-,101064
Baby & Kids Fashion,Girl Shoes,Boots,-,-,101066
Baby & Kids Fashion,Girl Shoes,Sandals,-,-,101067
Baby & Kids Fashion,Girl Shoes,Sneakers,-,-,101068
Baby & Kids Fashion,Girl Shoes,Loafers,-,-,101069
Baby & Kids Fashion,Girl Shoes,Flip Flops,-,-,101070
Baby & Kids Fashion,Girl Shoes,Flats,-,-,101071
Gaming & Consoles,Console Machines,Playstation,-,-,101073
Gaming & Consoles,Console Machines,Xbox,-,-,101074
Gaming & Consoles,Console Machines,Wii,-,-,101075
Gaming & Consoles,Console Machines,Nintendo DS,-,-,101076
Gaming & Consoles,Console Machines,Switch,-,-,101078
Gaming & Consoles,Console Machines,PS Vita,-,-,101079
Gaming & Consoles,Console Machines,PSP,-,-,101080
Gaming & Consoles,Console Accessories,-,-,-,100696
Gaming & Consoles,Video Games,Playstation,-,-,101082
Gaming & Consoles,Video Games,Xbox,-,-,101083
Gaming & Consoles,Video Games,Wii,-,-,101084
Gaming & Consoles,Video Games,Nintendo DS,-,-,101085
Gaming & Consoles,Video Games,Gameboy,-,-,101086
Gaming & Consoles,Video Games,Switch,-,-,101087
Gaming & Consoles,Video Games,PS Vita,-,-,101088
Gaming & Consoles,Video Games,PSP,-,-,101089
Gaming & Consoles,Video Games,PC Game,-,-,101090
Cameras & Drones,Cameras,Point & Shoot,-,-,101092
Cameras & Drones,Cameras,Mirrorless Cameras,-,-,101093
Cameras & Drones,Cameras,Action Cameras,-,-,101094
Cameras & Drones,Cameras,Video Camcorders,-,-,101095
Cameras & Drones,Cameras,Instant Cameras,-,-,101096
Cameras & Drones,Cameras,Analog Cameras,-,-,101097
Cameras & Drones,Cameras,DSLRs,-,-,101098
Cameras & Drones,Security Cameras & Systems,CCTV Security Cameras,-,-,101100
Cameras & Drones,Security Cameras & Systems,DVRs,-,-,101101
Cameras & Drones,Security Cameras & Systems,Dummy Cameras,-,-,101102
Cameras & Drones,Security Cameras & Systems,Spy Cameras,-,-,101103
Cameras & Drones,Lenses,-,-,-,100701
Cameras & Drones,Lens Accessories,Lens Mount & Adaptors,-,-,101105
Cameras & Drones,Lens Accessories,Lens Caps,-,-,101106
Cameras & Drones,Lens Accessories,Filters,-,-,101107
Cameras & Drones,Lens Accessories,Lens Hoods,-,-,101108
Cameras & Drones,Lens Accessories,Others,-,-,101109
Cameras & Drones,Camera Accessories,Flashes,-,-,101110
Cameras & Drones,Camera Accessories,Flash Accessories,Flash Triggers,-,102021
Cameras & Drones,Camera Accessories,Flash Accessories,Flash Diffusers,-,102022
Cameras & Drones,Camera Accessories,Gimbals & Stabilizers,-,-,101112
Cameras & Drones,Camera Accessories,Lighting & Studio Equipments,-,-,101113
Cameras & Drones,Camera Accessories,Photo Films & Papers,-,-,101114
Cameras & Drones,Camera Accessories,Photo Printers,-,-,101115
Cameras & Drones,Camera Accessories,Camera Cases & Bags,-,-,101116
Cameras & Drones,Camera Accessories,Battery Chargers,-,-,101117
Cameras & Drones,Camera Accessories,Batteries & Battery Grips,-,-,101118
Cameras & Drones,Camera Accessories,"Tripods, Monopods, & Accessories",-,-,101119
Cameras & Drones,Camera Care,Dry Boxes & Cabinets,-,-,101121
Cameras & Drones,Camera Care,Cleaning Kit,-,-,101122
Cameras & Drones,Camera Care,Silica Gel,-,-,101123
Cameras & Drones,Camera Care,Blowers,-,-,101124
Cameras & Drones,Camera Care,Lenspens & Brushes,-,-,101125
Cameras & Drones,Drones,-,-,-,100705
Cameras & Drones,Drone Accessories,-,-,-,100706
Home & Living,Home Fragrance & Aromatherapy,Air Fresheners & Home Fragrance,-,-,101127
Home & Living,Home Fragrance & Aromatherapy,Essential Oils,-,-,101128
Home & Living,Home Fragrance & Aromatherapy,"Diffusers, Humidifiers & Oil Burners",-,-,101129
Home & Living,Bathrooms,"Toilet Bowls, Seats & Covers",-,-,101131
Home & Living,Bathrooms,Toothbrush Holders & Toothpaste Dispensers,-,-,101132
Home & Living,Bathrooms,"Soap Dispensers, Holders & Boxes",-,-,101133
Home & Living,Bathrooms,Bathroom Racks & Cabinets,-,-,101134
Home & Living,Bathrooms,Bathtubs,-,-,101135
Home & Living,Bathrooms,Towels & Bathrobes,Bath Towels,-,101790
Home & Living,Bathrooms,Towels & Bathrobes,Face & Hand Towels,-,101791
Home & Living,Bathrooms,Towels & Bathrobes,Bath Robes,-,101792
Home & Living,Bathrooms,Towels & Bathrobes,Others,-,101793
Home & Living,Bathrooms,Showerheads & Bidet Sprays,-,-,101137
Home & Living,Bathrooms,Bath Brushes & Loofahs,-,-,101138
Home & Living,Bathrooms,Shower Curtains,-,-,101139
Home & Living,Bathrooms,Shower Seats & Commodes,-,-,101140
Home & Living,Bathrooms,Safety Handles,-,-,101141
Home & Living,Bathrooms,Shower Caps,-,-,101142
Home & Living,Bathrooms,Others,-,-,101143
Home & Living,Bedding,Cooling Mats,-,-,101144
Home & Living,Bedding,Mattress Protectors & Toppers,-,-,101145
Home & Living,Bedding,"Blankets, Comforters & Quilts",-,-,101146
Home & Living,Bedding,Pillows,-,-,101147
Home & Living,Bedding,"Bedsheets, Pillowcases & Bolster Cases",-,-,101148
Home & Living,Bedding,Matresses,-,-,101149
Home & Living,Bedding,Mosquito Nets,-,-,101150
Home & Living,Bedding,Bolsters,-,-,101151
Home & Living,Bedding,Others,-,-,101152
Home & Living,Decoration,Flowers,-,-,101153
Home & Living,Decoration,Furniture & Appliance Covers,-,-,101154
Home & Living,Decoration,Curtains & Blinds,-,-,101155
Home & Living,Decoration,Photo Frames & Wall Decoration,-,-,101156
Home & Living,Decoration,Wallpapers & Wall Stickers,-,-,101157
Home & Living,Decoration,Clocks,-,-,101158
Home & Living,Decoration,Floor Mats,-,-,101159
Home & Living,Decoration,Carpets & Rugs,-,-,101160
Home & Living,Decoration,Vases & Vessels,-,-,101161
Home & Living,Decoration,Candles & Candleholders,-,-,101162
Home & Living,Decoration,Mirrors,-,-,101163
Home & Living,Decoration,Table Cloths,-,-,101164
Home & Living,Decoration,Others,-,-,101165
Home & Living,"Hand Warmers, Hot Water Bags & Ice Bags",-,-,-,100712
Home & Living,Furniture,Cushions,-,-,101166
Home & Living,Furniture,Doorstoppers,-,-,101167
Home & Living,Furniture,Bed Frames & Headboards,-,-,101168
Home & Living,Furniture,Desks & Tables,-,-,101169
Home & Living,Furniture,Wardrobes,-,-,101170
Home & Living,Furniture,"Benches, Chairs & Stools",-,-,101171
Home & Living,Furniture,Sofas,-,-,101172
Home & Living,Furniture,Cupboards & Cabinets,-,-,101173
Home & Living,Furniture,Shelves & Racks,-,-,101174
Home & Living,Gardening,Plants,-,-,101176
Home & Living,Gardening,Garden Decorations,-,-,101177
Home & Living,Gardening,Garden Soils & Growing Media,-,-,101178
Home & Living,Gardening,Fertilizer,-,-,101179
Home & Living,Gardening,Seeds & Bulbs,-,-,101180
Home & Living,Gardening,Pots & Planters,-,-,101181
Home & Living,Gardening,Irrigation Systems,-,-,101182
Home & Living,Gardening,Gardening Tools,-,-,101183
Home & Living,Gardening,Others,-,-,101184
Home & Living,Gardening,Lawn Mowers,-,-,101185
Home & Living,Tools & Home Improvement,Industrial Adhesives & Tapes,-,-,101186
Home & Living,Tools & Home Improvement,"Protective Gloves, Goggles & Masks",-,-,101187
Home & Living,Tools & Home Improvement,Sinks & Water Taps,-,-,101188
Home & Living,Tools & Home Improvement,Roofing & Flooring,-,-,101189
Home & Living,Tools & Home Improvement,Wall Paints & Coatings,-,-,101190
Home & Living,Tools & Home Improvement,Tools,Tool Boxes,-,101794
Home & Living,Tools & Home Improvement,Tools,Measuring Tapes,-,101795
Home & Living,Tools & Home Improvement,Tools,Spanner Sets,-,101796
Home & Living,Tools & Home Improvement,Tools,Hammers,-,101797
Home & Living,Tools & Home Improvement,Tools,Pliers,-,101798
Home & Living,Tools & Home Improvement,Tools,"Nails, Screws & Fasteners",-,101799
Home & Living,Tools & Home Improvement,Tools,"Drills, Screwdrivers & Accessories",-,101800
Home & Living,Tools & Home Improvement,Tools,"Saws, Cut-off Machines & Grinders",-,101801
Home & Living,Tools & Home Improvement,Tools,Pressure Washers,-,101802
Home & Living,Tools & Home Improvement,Tools,Electrical Testers & Multimeters,-,101804
Home & Living,Tools & Home Improvement,Tools,Levels & Measuring Wheels,-,101805
Home & Living,Tools & Home Improvement,Tools,Rangefinders,-,101806
Home & Living,Tools & Home Improvement,Tools,Air Compressors,-,101807
Home & Living,Tools & Home Improvement,Tools,"Sandpaper, Power Sanders & Accessories",-,101808
Home & Living,Tools & Home Improvement,Tools,Power Welding Tools,-,101809
Home & Living,Tools & Home Improvement,Tools,Blowers,-,101810
Home & Living,Tools & Home Improvement,Tools,Others,-,101811
Home & Living,Tools & Home Improvement,"Water Pumps, Parts & Accessories",-,-,101192
Home & Living,Tools & Home Improvement,"Air Pumps, Parts & Accessories",-,-,101193
Home & Living,Tools & Home Improvement,Ladders,-,-,101194
Home & Living,Tools & Home Improvement,Trollies,-,-,101195
Home & Living,Tools & Home Improvement,"Shades, Awnings & Tarpaulins",-,-,101196
Home & Living,Tools & Home Improvement,Construction Materials,-,-,101197
Home & Living,Tools & Home Improvement,Doors & Windows,-,-,101198
Home & Living,Tools & Home Improvement,Others,-,-,101199
Home & Living,Home Care Supplies,Clotheslines & Drying Racks,-,-,101200
Home & Living,Home Care Supplies,Cleaning Brushes,-,-,101201
Home & Living,Home Care Supplies,Brooms,-,-,101202
Home & Living,Home Care Supplies,Dusters,-,-,101203
Home & Living,Home Care Supplies,Mops,-,-,101204
Home & Living,Home Care Supplies,"Basins, Buckets & Water Dippers",-,-,101205
Home & Living,Home Care Supplies,Sponges & Scouring Pads,-,-,101206
Home & Living,Home Care Supplies,Trash & Recycling Bins,-,-,101207
Home & Living,Home Care Supplies,Plastic Bags & Trash Bags,-,-,101208
Home & Living,Home Care Supplies,Cleaning Cloths,-,-,101209
Home & Living,Home Care Supplies,Pest & Weed Control,-,-,101210
Home & Living,Home Care Supplies,Tissue & Paper Towels,-,-,101211
Home & Living,Home Care Supplies,Toilet Paper,-,-,101212
Home & Living,Home Care Supplies,Laundry Care,Fabric Fragrances,-,101812
Home & Living,Home Care Supplies,Laundry Care,Fabric Conditioners & Softeners,-,101813
Home & Living,Home Care Supplies,Laundry Care,Detergents,-,101814
Home & Living,Home Care Supplies,Laundry Care,Others,-,101815
Home & Living,Kitchenware,Grills & Accessories,-,-,101216
Home & Living,Kitchenware,Bakewares & Decorations,-,-,101217
Home & Living,Kitchenware,Pans,-,-,101218
Home & Living,Kitchenware,Pots,-,-,101219
Home & Living,Kitchenware,Food Storage,-,-,101220
Home & Living,Kitchenware,Cling Wrap,-,-,101221
Home & Living,Kitchenware,Aluminium Foil,-,-,101222
Home & Living,Kitchenware,"Tea, Coffee & Bartending Equipments",-,-,101223
Home & Living,Kitchenware,Kitchen Racks,-,-,101224
Home & Living,Kitchenware,Aprons & Kitchen Gloves,-,-,101225
Home & Living,Kitchenware,Spatulas & Cooking Tweezers,-,-,101226
Home & Living,Kitchenware,Chopping Boards,-,-,101227
Home & Living,Kitchenware,Knives & Kitchen Scissors,-,-,101228
Home & Living,Kitchenware,Whisks & Beaters,-,-,101229
Home & Living,Kitchenware,Can & Bottle Openers,-,-,101230
Home & Living,Kitchenware,Measuring Glasses & Spoons,-,-,101231
Home & Living,Kitchenware,Strainers,-,-,101232
Home & Living,Kitchenware,"Graters, Peelers & Cutters",-,-,101233
Home & Living,Kitchenware,Kitchen Weighing Scales,-,-,101234
Home & Living,Kitchenware,Sealers,-,-,101235
Home & Living,Kitchenware,Others,-,-,101237
Home & Living,Dinnerware,"Jugs, Pitchers & Accessories",-,-,101238
Home & Living,Dinnerware,Tea Pots & Sets,-,-,101239
Home & Living,Dinnerware,"Cups, Mugs & Glasses",-,-,101240
Home & Living,Dinnerware,Water Bottles & Accessories,-,-,101241
Home & Living,Dinnerware,Bowls,-,-,101242
Home & Living,Dinnerware,Plates,-,-,101243
Home & Living,Dinnerware,Cutleries,-,-,101244
Home & Living,Dinnerware,Straws,-,-,101245
Home & Living,Dinnerware,Food Covers,-,-,101246
Home & Living,Dinnerware,Placemats & Coasters,-,-,101247
Home & Living,Dinnerware,Others,-,-,101248
Home & Living,Lighting,-,-,-,100719
Home & Living,Safety & Security,Safes,-,-,101249
Home & Living,Safety & Security,Door Hardware & Locks,-,-,101251
Home & Living,Home Organizers,Hangers & Pegs,-,-,101253
Home & Living,Home Organizers,"Storage Boxes, Bags & Baskets",-,-,101254
Home & Living,Home Organizers,Shoe Storage Boxes,-,-,101255
Home & Living,Home Organizers,Hooks,-,-,101256
Home & Living,Home Organizers,Laundry Bags & Baskets,-,-,101257
Home & Living,Home Organizers,Desk Organizers,-,-,101258
Home & Living,Home Organizers,Wardrobe Organizers,-,-,101259
Home & Living,Home Organizers,Jewelry Organizers,-,-,101260
Home & Living,Home Organizers,Tissue Holders,-,-,101261
Home & Living,Home Organizers,Others,-,-,101262
Home & Living,Party Supplies,Balloons,-,-,101263
Home & Living,Party Supplies,Wooden Clips,-,-,101264
Home & Living,Party Supplies,Backdrops & Banners,-,-,101265
Home & Living,Party Supplies,Cards,-,-,101266
Home & Living,Party Supplies,Disposable Tableware,-,-,101267
Home & Living,Party Supplies,Party Hats & Masks,-,-,101268
Home & Living,Party Supplies,Sashes,-,-,101269
Home & Living,Party Supplies,Others,-,-,101270
Sports & Outdoors,Sports & Outdoor Recreation Equipments,Fishing,Fishing Hooks,-,101816
Sports & Outdoors,Sports & Outdoor Recreation Equipments,Fishing,Fishing Rods & Reels,-,101817
Sports & Outdoors,Sports & Outdoor Recreation Equipments,Fishing,Fish Finders,-,101818
Sports & Outdoors,Sports & Outdoor Recreation Equipments,Fishing,Fishing Lines,-,101819
Sports & Outdoors,Sports & Outdoor Recreation Equipments,Fishing,Lures & Baits,-,101820
Sports & Outdoors,Sports & Outdoor Recreation Equipments,Fishing,Fishing Bags,-,101821
Sports & Outdoors,Sports & Outdoor Recreation Equipments,Fishing,Fishing Nets,-,101822
Sports & Outdoors,Sports & Outdoor Recreation Equipments,Fishing,Others,-,101823
Sports & Outdoors,Sports & Outdoor Recreation Equipments,Cycling,Bicycles,-,101824
Sports & Outdoors,Sports & Outdoor Recreation Equipments,Cycling,Bicycle Parts & Accessories,-,101825
Sports & Outdoors,Sports & Outdoor Recreation Equipments,Cycling,Cycling Helmets,-,101826
Sports & Outdoors,Sports & Outdoor Recreation Equipments,Cycling,Others,-,101827
Sports & Outdoors,Sports & Outdoor Recreation Equipments,Camping & Hiking,Camping Cookware,-,101828
Sports & Outdoors,Sports & Outdoor Recreation Equipments,Camping & Hiking,Camping Lamps & Flashlights,-,101829
Sports & Outdoors,Sports & Outdoor Recreation Equipments,Camping & Hiking,Tents & Tent Accessories,-,101830
Sports & Outdoors,Sports & Outdoor Recreation Equipments,Camping & Hiking,Sleeping Bags,-,101831
Sports & Outdoors,Sports & Outdoor Recreation Equipments,Camping & Hiking,"Binoculars, Monoculars & Telescopes",-,101832
Sports & Outdoors,Sports & Outdoor Recreation Equipments,Camping & Hiking,Compasses,-,101833
Sports & Outdoors,Sports & Outdoor Recreation Equipments,Camping & Hiking,Camping Knives & Survival Kits,-,101834
Sports & Outdoors,Sports & Outdoor Recreation Equipments,Camping & Hiking,Hammocks,-,101835
Sports & Outdoors,Sports & Outdoor Recreation Equipments,Camping & Hiking,Hiking Sticks,-,101836
Sports & Outdoors,Sports & Outdoor Recreation Equipments,Camping & Hiking,Picnic Mats & Baskets,-,101837
Sports & Outdoors,Sports & Outdoor Recreation Equipments,Camping & Hiking,Others,-,101838
Sports & Outdoors,Sports & Outdoor Recreation Equipments,Rock Climbing,-,-,101274
Sports & Outdoors,Sports & Outdoor Recreation Equipments,Boardsports,Skateboards & Roller Blades,-,101839
Sports & Outdoors,Sports & Outdoor Recreation Equipments,Boardsports,Scooters & Unicycles,-,101840
Sports & Outdoors,Sports & Outdoor Recreation Equipments,Boardsports,Segways & Hoverboards,-,101841
Sports & Outdoors,Sports & Outdoor Recreation Equipments,Boardsports,Helmets & Protective Gears,-,101842
Sports & Outdoors,Sports & Outdoor Recreation Equipments,"Soccer, Futsal & Sepak Takraw",Balls,-,101847
Sports & Outdoors,Sports & Outdoor Recreation Equipments,"Soccer, Futsal & Sepak Takraw",Goalkeeper Gloves & Shin Guards,-,101848
Sports & Outdoors,Sports & Outdoor Recreation Equipments,"Soccer, Futsal & Sepak Takraw",Goal Posts & Nets,-,101849
Sports & Outdoors,Sports & Outdoor Recreation Equipments,Basketball,Basket Balls,-,101851
Sports & Outdoors,Sports & Outdoor Recreation Equipments,Basketball,Basketball Rings,-,101852
Sports & Outdoors,Sports & Outdoor Recreation Equipments,Basketball,Others,-,101853
Sports & Outdoors,Sports & Outdoor Recreation Equipments,Volleyball,Volley Balls,-,101854
Sports & Outdoors,Sports & Outdoor Recreation Equipments,Volleyball,Volley Nets,-,101855
Sports & Outdoors,Sports & Outdoor Recreation Equipments,Badminton,Badminton Rackets,-,101857
Sports & Outdoors,Sports & Outdoor Recreation Equipments,Badminton,Shuttlecocks,-,101858
Sports & Outdoors,Sports & Outdoor Recreation Equipments,Badminton,Badminton Nets,-,101859
Sports & Outdoors,Sports & Outdoor Recreation Equipments,Badminton,Others,-,101860
Sports & Outdoors,Sports & Outdoor Recreation Equipments,Tennis,Tennis Rackets,-,101861
Sports & Outdoors,Sports & Outdoor Recreation Equipments,Tennis,Tennis Balls,-,101862
Sports & Outdoors,Sports & Outdoor Recreation Equipments,Tennis,Tennis Nets,-,101863
Sports & Outdoors,Sports & Outdoor Recreation Equipments,Tennis,Others,-,101864
Sports & Outdoors,Sports & Outdoor Recreation Equipments,Table Tennis,Table Tennis Bats,-,101866
Sports & Outdoors,Sports & Outdoor Recreation Equipments,Table Tennis,Table Tennis Nets,-,101867
Sports & Outdoors,Sports & Outdoor Recreation Equipments,Boxing & Martial Arts,Punching Bags & Paddings,-,101869
Sports & Outdoors,Sports & Outdoor Recreation Equipments,Boxing & Martial Arts,Martial Arts Belts,-,101870
Sports & Outdoors,Sports & Outdoor Recreation Equipments,Boxing & Martial Arts,"Gloves, Wraps & Helmets",-,101871
Sports & Outdoors,Sports & Outdoor Recreation Equipments,Golf,Golf Balls,-,101873
Sports & Outdoors,Sports & Outdoor Recreation Equipments,Golf,Golf Clubs,-,101874
Sports & Outdoors,Sports & Outdoor Recreation Equipments,Golf,Gears &Training Equipment,-,101875
Sports & Outdoors,Sports & Outdoor Recreation Equipments,Golf,Golf Bags & Organizers,-,101876
Sports & Outdoors,Sports & Outdoor Recreation Equipments,Golf,Others,-,101877
Sports & Outdoors,Sports & Outdoor Recreation Equipments,Baseball & Softball,-,-,101285
Sports & Outdoors,Sports & Outdoor Recreation Equipments,Squash,-,-,101286
Sports & Outdoors,Sports & Outdoor Recreation Equipments,Rugby,-,-,101288
Sports & Outdoors,Sports & Outdoor Recreation Equipments,Billiards,-,-,101289
Sports & Outdoors,Sports & Outdoor Recreation Equipments,Surfing & Wakeboarding,-,-,101290
Sports & Outdoors,Sports & Outdoor Recreation Equipments,Ice Skating & Winter Sports,-,-,101291
Sports & Outdoors,Sports & Outdoor Recreation Equipments,Swimming & Diving,Swimming Caps,-,101878
Sports & Outdoors,Sports & Outdoor Recreation Equipments,Swimming & Diving,Swimming Goggles,-,101879
Sports & Outdoors,Sports & Outdoor Recreation Equipments,Swimming & Diving,Swimming Boards,-,101880
Sports & Outdoors,Sports & Outdoor Recreation Equipments,Swimming & Diving,Diving Flashlights,-,101881
Sports & Outdoors,Sports & Outdoor Recreation Equipments,Swimming & Diving,Diving Masks,-,101882
Sports & Outdoors,Sports & Outdoor Recreation Equipments,Swimming & Diving,Flippers,-,101883
Sports & Outdoors,Sports & Outdoor Recreation Equipments,Swimming & Diving,Life Jackets,-,101884
Sports & Outdoors,Sports & Outdoor Recreation Equipments,Boating,-,-,101293
Sports & Outdoors,Sports & Outdoor Recreation Equipments,Yoga & Pilates,Yoga Mats,-,101886
Sports & Outdoors,Sports & Outdoor Recreation Equipments,Yoga & Pilates,"Yoga Blocks, Rings & Foam Rollers",-,101887
Sports & Outdoors,Sports & Outdoor Recreation Equipments,Yoga & Pilates,Resistance Bands,-,101888
Sports & Outdoors,Sports & Outdoor Recreation Equipments,Fitness Equipment,Weight Training,-,101890
Sports & Outdoors,Sports & Outdoor Recreation Equipments,Fitness Equipment,Skipping Ropes,-,101891
Sports & Outdoors,Sports & Outdoor Recreation Equipments,Fitness Equipment,Gym Balls,-,101892
Sports & Outdoors,Sports & Outdoor Recreation Equipments,Fitness Equipment,Fitness Machines,-,101893
Sports & Outdoors,Sports & Outdoor Recreation Equipments,Fitness Equipment,Ab Rollers,-,101894
Sports & Outdoors,Sports & Outdoor Recreation Equipments,Fitness Equipment,Pull Up & Push Up Bars,-,101895
Sports & Outdoors,Sports & Outdoor Recreation Equipments,Fitness Equipment,Others,-,101896
Sports & Outdoors,Sports & Outdoor Recreation Equipments,Darts,-,-,101296
Sports & Outdoors,Sports & Outdoor Recreation Equipments,Others,-,-,101297
Sports & Outdoors,Sports Footwear,Basketball Shoes,-,-,101298
Sports & Outdoors,Sports Footwear,Running Shoes,-,-,101299
Sports & Outdoors,Sports Footwear,Training Shoes,-,-,101300
Sports & Outdoors,Sports Footwear,Tennis Shoes,-,-,101301
Sports & Outdoors,Sports Footwear,Volleyball Shoes,-,-,101302
Sports & Outdoors,Sports Footwear,Badminton Shoes,-,-,101303
Sports & Outdoors,Sports Footwear,Futsal Shoes,-,-,101304
Sports & Outdoors,Sports Footwear,Hiking Shoes,-,-,101305
Sports & Outdoors,Sports Footwear,Soccer Shoes,-,-,101306
Sports & Outdoors,Sports Footwear,Kid's Sport Shoes,-,-,101307
Sports & Outdoors,Sports Footwear,Others,-,-,101308
Sports & Outdoors,Sports & Outdoor Apparels,Sets,-,-,101309
Sports & Outdoors,Sports & Outdoor Apparels,Jackets,-,-,101310
Sports & Outdoors,Sports & Outdoor Apparels,Tops,-,-,101311
Sports & Outdoors,Sports & Outdoor Apparels,Jerseys,-,-,101312
Sports & Outdoors,Sports & Outdoor Apparels,Bottoms,-,-,101313
Sports & Outdoors,Sports & Outdoor Apparels,Swimming Attire,Swimming Trunks,-,101897
Sports & Outdoors,Sports & Outdoor Apparels,Swimming Attire,Bikini Sets,-,101898
Sports & Outdoors,Sports & Outdoor Apparels,Swimming Attire,One-Piece Swimsuits,-,101899
Sports & Outdoors,Sports & Outdoor Apparels,Swimming Attire,Rash Guards,-,101900
Sports & Outdoors,Sports & Outdoor Apparels,Sports Bras,-,-,101315
Sports & Outdoors,Sports & Outdoor Apparels,Kid's Sports Apparel,-,-,101316
Sports & Outdoors,Sports & Outdoor Accessories,Stopwatches & Pedometers,-,-,101318
Sports & Outdoors,Sports & Outdoor Accessories,Shoe Bags,-,-,101319
Sports & Outdoors,Sports & Outdoor Accessories,Sports Wristbands,-,-,101320
Sports & Outdoors,Sports & Outdoor Accessories,Sports Headbands,-,-,101321
Sports & Outdoors,Sports & Outdoor Accessories,Sports & Outdoor Hats,-,-,101322
Sports & Outdoors,Sports & Outdoor Accessories,Dry Bags,-,-,101323
Sports & Outdoors,Sports & Outdoor Accessories,Rain Coats,-,-,101324
Sports & Outdoors,Sports & Outdoor Accessories,Umbrellas,-,-,101325
Sports & Outdoors,Sports & Outdoor Accessories,Mouthguards & Sport Tapes,-,-,101326
Sports & Outdoors,Sports & Outdoor Accessories,Training Equipments,-,-,101327
Stationery,Gift & Wrapping,Gift Wrappers,-,-,101330
Stationery,Gift & Wrapping,Gift Boxes,-,-,101331
Stationery,Gift & Wrapping,Gift Bags,-,-,101332
Stationery,Gift & Wrapping,Ribbons,-,-,101333
Stationery,Gift & Wrapping,Bubble Wraps,-,-,101334
Stationery,Gift & Wrapping,Carton Boxes,-,-,101335
Stationery,Gift & Wrapping,Others,-,-,101336
Stationery,Writing & Correction,Pens & Inks,-,-,101337
Stationery,Writing & Correction,Pencils,-,-,101338
Stationery,Writing & Correction,Eraser & Correction Supplies,-,-,101339
Stationery,Writing & Correction,Markers,-,-,101340
Stationery,Writing & Correction,Highlighters,-,-,101341
Stationery,School & Office Equipment,Writing Boards & Board Stands,-,-,101343
Stationery,School & Office Equipment,Calculators,-,-,101344
Stationery,School & Office Equipment,Pen Knives & Paper Cutters,-,-,101345
Stationery,School & Office Equipment,Strings & Tapes,-,-,101346
Stationery,School & Office Equipment,Glues,-,-,101347
Stationery,School & Office Equipment,Label Printers,-,-,101348
Stationery,School & Office Equipment,Lanyards & Name Tags,-,-,101349
Stationery,School & Office Equipment,"Clips, Pins & Tacks",-,-,101350
Stationery,School & Office Equipment,Hole Punchers,-,-,101351
Stationery,School & Office Equipment,Scissors,-,-,101352
Stationery,School & Office Equipment,Ink Stamps & Pads,-,-,101353
Stationery,School & Office Equipment,Staplers & Staples,-,-,101354
Stationery,School & Office Equipment,Calendars,-,-,101355
Stationery,School & Office Equipment,"Folders, Paper Organizers & Accessories",-,-,101356
Stationery,School & Office Equipment,"Rulers, Protractors & Stencils",-,-,101357
Stationery,School & Office Equipment,Sharpeners,-,-,101358
Stationery,School & Office Equipment,Pencil Cases,-,-,101359
Stationery,School & Office Equipment,Others,-,-,101360
Stationery,Art Supplies,Color Pencils,-,-,101361
Stationery,Art Supplies,Crayons & Pastels,-,-,101362
Stationery,Art Supplies,Water & Poster Colours,-,-,101363
Stationery,Art Supplies,Oil Paint,-,-,101364
Stationery,Art Supplies,Acrylic Paint,-,-,101365
Stationery,Art Supplies,Paint Brushes,-,-,101366
Stationery,Art Supplies,Paint Palettes,-,-,101367
Stationery,Art Supplies,Canvases & Easels,-,-,101368
Stationery,Art Supplies,Sketch Books,-,-,101369
Stationery,Art Supplies,Others,-,-,101370
Stationery,Notebooks & Papers,Bookmarks,-,-,101371
Stationery,Notebooks & Papers,Book Covers,-,-,101372
Stationery,Notebooks & Papers,Thermal Paper & Continuous Paper,-,-,101373
Stationery,Notebooks & Papers,Printing & Photocopy Paper,-,-,101374
Stationery,Notebooks & Papers,Loose Leaf,-,-,101375
Stationery,Notebooks & Papers,Memo & Sticky Notes,-,-,101376
Stationery,Notebooks & Papers,Art Paper & Boards,-,-,101377
Stationery,Notebooks & Papers,Notebooks & Notepads,-,-,101378
Stationery,Notebooks & Papers,Labels & Stickers,-,-,101379
Stationery,Notebooks & Papers,Others,-,-,101380
Stationery,Letters & Envelopes,Envelopes & Angpao,-,-,101381
Stationery,Letters & Envelopes,Post Cards,-,-,101382
Stationery,Letters & Envelopes,Postage Stamps & Duty Stamps,-,-,101383
Stationery,Others,-,-,-,100736
Hobbies & Collections,Collectible Items,Action Figurines,-,-,101385
Hobbies & Collections,Collectible Items,Statues & Sculptures,-,-,101386
Hobbies & Collections,Collectible Items,Mecha Models & Diecast,-,-,101387
Hobbies & Collections,Collectible Items,Vehicle Models & Diecast,-,-,101388
Hobbies & Collections,Collectible Items,Stones & Minerals,-,-,101389
Hobbies & Collections,Collectible Items,Idol Collectibles,-,-,101390
Hobbies & Collections,Collectible Items,Sports Collectibles,-,-,101391
Hobbies & Collections,Collectible Items,Anime & Manga Collectibles,-,-,101392
Hobbies & Collections,Collectible Items,Coins & Bank Notes,-,-,101393
Hobbies & Collections,Collectible Items,Others,-,-,101394
Hobbies & Collections,Souvenirs,Hand Fans,-,-,101395
Hobbies & Collections,Souvenirs,Keychains,-,-,101396
Hobbies & Collections,Souvenirs,Coin Banks,-,-,101397
Hobbies & Collections,Souvenirs,Fridge Magnets,-,-,101398
Hobbies & Collections,Souvenirs,Others,-,-,101399
Hobbies & Collections,Toys & Games,"Dice, Board & Card Games",-,-,101400
Hobbies & Collections,Toys & Games,Magic Toys,-,-,101401
Hobbies & Collections,Toys & Games,Prank Toys,-,-,101402
Hobbies & Collections,Toys & Games,Rubik's Cubes,-,-,101403
Hobbies & Collections,Toys & Games,Spinning Tops,-,-,101404
Hobbies & Collections,Toys & Games,Kendamas,-,-,101405
Hobbies & Collections,Toys & Games,Yo-yos,-,-,101406
Hobbies & Collections,Toys & Games,Remote Control Toys & Accessories,-,-,101407
Hobbies & Collections,Toys & Games,Capsule Toys,-,-,101408
Hobbies & Collections,Toys & Games,Others,-,-,101409
Hobbies & Collections,"CD, DVD & Bluray",-,-,-,100740
Hobbies & Collections,Musical Instruments & Accessories,Keyboards & Pianos,-,-,101410
Hobbies & Collections,Musical Instruments & Accessories,Percussion Instruments,-,-,101411
Hobbies & Collections,Musical Instruments & Accessories,Wind Instruments,-,-,101412
Hobbies & Collections,Musical Instruments & Accessories,Music Accessories,-,-,101413
Hobbies & Collections,Musical Instruments & Accessories,String Instruments,Ukuleles,-,102018
Hobbies & Collections,Musical Instruments & Accessories,String Instruments,Guitars & Bass Guitars,-,102019
Hobbies & Collections,Musical Instruments & Accessories,String Instruments,Others,-,102020
Hobbies & Collections,Vinyl Records,-,-,-,100742
Hobbies & Collections,Photo Albums,-,-,-,100743
Hobbies & Collections,Needlework,-,-,-,100744
Automobiles,Automobile Interior Accessories,Navigation & AV Receivers,-,-,101415
Automobiles,Automobile Interior Accessories,Organizers & Compartments,-,-,101417
Automobiles,Automobile Interior Accessories,Carpets & Mats,-,-,101419
Automobiles,Automobile Interior Accessories,Seat Headrests & Back Supports,-,-,101420
Automobiles,Automobile Interior Accessories,Car Mattresses,-,-,101421
Automobiles,Automobile Interior Accessories,Steering Wheels & Covers,-,-,101422
Automobiles,Automobile Interior Accessories,Seats & Seat Covers,-,-,101423
Automobiles,Automobile Interior Accessories,Phone Holders,-,-,101424
Automobiles,Automobile Interior Accessories,Pedals & Gear Sticks,-,-,101426
Automobiles,Automobile Interior Accessories,Sun Shields & Dash Covers,-,-,101427
Automobiles,Automobile Interior Accessories,Locks & Security,-,-,101428
Automobiles,Automobile Interior Accessories,Camcorders & Parking Cameras,-,-,101429
Automobiles,Automobile Interior Accessories,"HUD, Speedometers & Gauges",-,-,101430
Automobiles,Automobile Interior Accessories,Others,-,-,101431
Automobiles,Automobile Exterior Accessories,Garnish,-,-,101432
Automobiles,Automobile Exterior Accessories,Antennas,-,-,101433
Automobiles,Automobile Exterior Accessories,Covers,-,-,101434
Automobiles,Automobile Exterior Accessories,Mud Flaps & Splash Guards,-,-,101436
Automobiles,Automobile Exterior Accessories,Sill Plates,-,-,101437
Automobiles,Automobile Exterior Accessories,Gutters,-,-,101438
Automobiles,Automobile Exterior Accessories,Horns & Accessories,-,-,101439
Automobiles,Automobile Exterior Accessories,Mirrors & Accessories,-,-,101440
Automobiles,Automobile Exterior Accessories,License Plate Accessories,-,-,101441
Automobiles,Automobile Exterior Accessories,Others,-,-,101442
Automobiles,Automobile Spare Parts,"Body, Frame & Bumpers",-,-,101443
Automobiles,Automobile Spare Parts,Exhaust & Emissions,-,-,101445
Automobiles,Automobile Spare Parts,"Wheels, Rims & Accessories",-,-,101446
Automobiles,Automobile Spare Parts,Tires & Accessories,-,-,101447
Automobiles,Automobile Spare Parts,"Shocks, Struts & Suspension",-,-,101448
Automobiles,Automobile Spare Parts,"Radiators, Engine Cooling & Climate Control",-,-,101449
Automobiles,Automobile Spare Parts,"Drivetrain, Transmission & Clutches",-,-,101450
Automobiles,Automobile Spare Parts,Bearing & Seals,-,-,101451
Automobiles,Automobile Spare Parts,Engine Parts,Pistons,-,101902
Automobiles,Automobile Spare Parts,Engine Parts,Air Filters,-,101903
Automobiles,Automobile Spare Parts,Engine Parts,Oil Filters,-,101904
Automobiles,Automobile Spare Parts,Engine Parts,Others,-,101905
Automobiles,Automobile Spare Parts,"Belts, Hoses & Pulleys",-,-,101454
Automobiles,Automobile Spare Parts,Electronics,Ignition,Ignition Coils,101929
Automobiles,Automobile Spare Parts,Electronics,Ignition,Spark Plugs,101930
Automobiles,Automobile Spare Parts,Electronics,Ignition,Others,101931
Automobiles,Automobile Spare Parts,Electronics,Batteries & Accessories,-,101907
Automobiles,Automobile Spare Parts,Electronics,Lighting,-,101908
Automobiles,Automobile Spare Parts,Electronics,Others,-,101909
Automobiles,Automobile Spare Parts,Fuel System,-,-,101456
Automobiles,Automotive Tools,"Test, Diagnostic & Repair Tools",-,-,101458
Automobiles,Automotive Tools,Tire Pressure Detectors,-,-,101459
Automobiles,Automotive Care,Others,-,-,101466
Automobiles,Automotive Oils & Lubes,Automotive Fluids,Others,-,101912
Automobiles,Automotive Keychains & Key Covers,-,-,-,100753
Motorcycles,Motorcycle Accessories,Carpets,-,-,101473
Motorcycles,Motorcycle Accessories,"Speedometers, Odometers & Gauges",-,-,101474
Motorcycles,Motorcycle Accessories,Covers,-,-,101475
Motorcycles,Motorcycle Accessories,"Stickers, Logos & Emblems",-,-,101476
Motorcycles,Motorcycle Accessories,Seats & Seat Covers,-,-,101477
Motorcycles,Motorcycle Accessories,Mirrors & Accessories,-,-,101478
Motorcycles,Motorcycle Accessories,Locks & Security,-,-,101479
Motorcycles,Motorcycle Accessories,Boxes & Cases,-,-,101480
Motorcycles,Motorcycle Accessories,Phone Holders,-,-,101481
Motorcycles,Motorcycle Accessories,Mud Flaps & Splash Guards,-,-,101482
Motorcycles,Motorcycle Accessories,Others,-,-,101483
Motorcycles,Motorcycle Spare Parts,Ignition & Engine Parts,Radiators,-,101913
Motorcycles,Motorcycle Spare Parts,Ignition & Engine Parts,Pistons,-,101914
Motorcycles,Motorcycle Spare Parts,Ignition & Engine Parts,CDI & ECU,-,101915
Motorcycles,Motorcycle Spare Parts,Ignition & Engine Parts,Spark Plugs,-,101916
Motorcycles,Motorcycle Spare Parts,Ignition & Engine Parts,Ignition Coils,-,101917
Motorcycles,Motorcycle Spare Parts,Ignition & Engine Parts,V-Belts,-,101918
Motorcycles,Motorcycle Spare Parts,Ignition & Engine Parts,Air Filters,-,101919
Motorcycles,Motorcycle Spare Parts,Ignition & Engine Parts,Others,-,101920
Motorcycles,Motorcycle Spare Parts,Fuel System,-,-,101485
Motorcycles,Motorcycle Spare Parts,Brake System,-,-,101486
Motorcycles,Motorcycle Spare Parts,"Shocks, Struts & Suspension",-,-,101487
Motorcycles,Motorcycle Spare Parts,"Drivetrain, Transmission & Clutches",Chains & Gears,-,101921
Motorcycles,Motorcycle Spare Parts,"Drivetrain, Transmission & Clutches",Clutches,-,101922
Motorcycles,Motorcycle Spare Parts,"Drivetrain, Transmission & Clutches",Bearings,-,101923
Motorcycles,Motorcycle Spare Parts,Horns & Accessories,-,-,101490
Motorcycles,Motorcycle Spare Parts,Cables & Tubes,-,-,101491
Motorcycles,Motorcycle Spare Parts,Body & Frame,-,-,101492
Motorcycles,Motorcycle Spare Parts,Exhaust & Emissions,-,-,101493
Motorcycles,Motorcycle Spare Parts,"Wheels, Rims & Accessories",-,-,101494
Motorcycles,Motorcycle Spare Parts,Tires & Accessories,-,-,101495
Motorcycles,Motorcycle Spare Parts,Lighting,-,-,101496
Motorcycles,Motorcycle Spare Parts,Others,-,-,101497
Motorcycles,Motorcycle Helmets & Accessories,-,-,-,100758
Motorcycles,Others,-,-,-,100759
Books & Magazines,Magazines & Newspaper,Business,-,-,101536
Books & Magazines,Magazines & Newspaper,Lifestyle,-,-,101537
Books & Magazines,Magazines & Newspaper,Teenager,-,-,101538
Books & Magazines,Books,Children's Books,-,-,101541
Books & Magazines,Books,Recipes & Cooking,-,-,101545
Books & Magazines,Books,Language Learning & Dictionaries,-,-,101551
Books & Magazines,Books,Classic Literature,-,-,101555
Books & Magazines,Books,Romance,-,-,101558
Books & Magazines,Books,Religion & Philosophy,-,-,101564
Books & Magazines,E-Books,-,-,-,100778
Computers & Accessories,Desktop Computers,Desktop PC,-,-,101944
Computers & Accessories,Desktop Computers,Mini PC,-,-,101945
Computers & Accessories,Desktop Computers,Server PC,-,-,101946
Computers & Accessories,Desktop Computers,All-in-One Desktops,-,-,101947
Computers & Accessories,Monitors,-,-,-,101933
Computers & Accessories,Desktop & Laptop Components,Fans & Heatsinks,-,-,101949
Computers & Accessories,Desktop & Laptop Components,Processors,-,-,101950
Computers & Accessories,Desktop & Laptop Components,Motherboards,-,-,101951
Computers & Accessories,Desktop & Laptop Components,Graphics Cards,-,-,101952
Computers & Accessories,Desktop & Laptop Components,Thermal Paste,-,-,101953
Computers & Accessories,Desktop & Laptop Components,Power Supply Units,-,-,101954
Computers & Accessories,Desktop & Laptop Components,RAM,-,-,101955
Computers & Accessories,Desktop & Laptop Components,UPS & Stabilizers,-,-,101956
Computers & Accessories,Desktop & Laptop Components,PC Cases,-,-,101957
Computers & Accessories,Desktop & Laptop Components,Optical Drives,-,-,101958
Computers & Accessories,Desktop & Laptop Components,Sound Cards,-,-,101959
Computers & Accessories,Desktop & Laptop Components,Others,-,-,101960
Computers & Accessories,Data Storage,Hard Drives,-,-,101961
Computers & Accessories,Data Storage,SSD,-,-,101962
Computers & Accessories,Data Storage,Network Attached Storage (NAS),-,-,101963
Computers & Accessories,Data Storage,Flash Drives & OTG,-,-,101964
Computers & Accessories,Data Storage,Hard Disk Casings & Dockings,-,-,101965
Computers & Accessories,Data Storage,Compact Discs,-,-,101966
Computers & Accessories,Network Components,Repeaters,-,-,101969
Computers & Accessories,Network Components,Wireless Adapters & Network Cards,-,-,101970
Computers & Accessories,Network Components,Powerline Adapters,-,-,101971
Computers & Accessories,Network Components,Network Switches & PoE,-,-,101972
Computers & Accessories,Network Components,Network Cables & Connectors,-,-,101973
Computers & Accessories,Network Components,KVM Switches,-,-,101974
Computers & Accessories,Network Components,Print Servers,-,-,101975
Computers & Accessories,Office Equipment,Typewriters,-,-,101977
Computers & Accessories,Office Equipment,Absence Machines,-,-,101978
Computers & Accessories,Office Equipment,Paper Shredders,-,-,101979
Computers & Accessories,Office Equipment,Money Counters,-,-,101980
Computers & Accessories,Printers & Scanners,"Printers, Scanners & Photocopy Machines",-,-,101982
Computers & Accessories,Printers & Scanners,Thermal & Barcode Printers,-,-,101983
Computers & Accessories,Printers & Scanners,3D Printers,-,-,101985
Computers & Accessories,Printers & Scanners,Others,-,-,101986
Computers & Accessories,Peripherals & Accessories,USB Hubs & Card Readers,-,-,101987
Computers & Accessories,Peripherals & Accessories,Webcams,-,-,101988
Computers & Accessories,Peripherals & Accessories,Laptop Skins & Covers,-,-,101989
Computers & Accessories,Peripherals & Accessories,Cooling Pads,-,-,101990
Computers & Accessories,Peripherals & Accessories,Laptop Stands & Foldable Laptop Desks,-,-,101991
Computers & Accessories,Peripherals & Accessories,Keyboard & Trackpad Covers,-,-,101992
Computers & Accessories,Peripherals & Accessories,Laptop Batteries,-,-,101993
Computers & Accessories,Peripherals & Accessories,Laptop Chargers & Adaptors,-,-,101994
Computers & Accessories,Peripherals & Accessories,Video Conference Devices,-,-,101995
Computers & Accessories,Peripherals & Accessories,Mouse Pads,-,-,101996
Computers & Accessories,Keyboards & Mice,Mice,-,-,101998
Computers & Accessories,Keyboards & Mice,Keyboards,-,-,101999
Computers & Accessories,Keyboards & Mice,Drawing Tablets,-,-,102000
Computers & Accessories,Keyboards & Mice,Others,-,-,102001
Computers & Accessories,Laptops,-,-,-,101942
